reason	closeness	cited_by	cites	year	title	doi
below the closeness bar	0.2011	11	48	2019	Musical Instruments for Novices: Comparing NIME, HCI and Crowdfunding Approaches	10.1007/978-3-319-92069-6_12
below the closeness bar	0.1843	27	17	2019	Accessible Digital Musical Instruments—A Review of Musical Interfaces in Inclusive Music Practice	10.3390/mti3030057
below the closeness bar	0.2026	12	29	2014	A Comprehensive Review of Sensors and Instrumentation Methods in Devices for Musical Expression	10.3390/s140813556
below the closeness bar	0.2124		35	2017	How to design, build, and perform with new musical interfaces	10.1145/3134472.3134473
below the closeness bar	0.1479	21	13	2005	Open Sound Control: an enabling technology for musical networking	10.1017/s1355771805000932
below the closeness bar	0.2049	33		2006	Using thematic analysis in psychology	10.1191/1478088706qp063oa
below the closeness bar	0.1328	30		2007	Embodied Music Cognition and Mediation Technology	10.7551/mitpress/7476.001.0001
below the closeness bar	0.1759	11	18	2021	Music in Extended Realities	10.1109/access.2021.3052931
below the closeness bar	0.185		29	2004	Instruments and Players: Some Thoughts on Digital Lutherie	10.1080/0929821042000317886
below the closeness bar	0.2051		27	2019	Smart Musical Instruments: Vision, Design Principles, and Future Directions	10.1109/access.2018.2876891
below the closeness bar	0.1322	25		2001	Where the Action Is	10.7551/mitpress/7221.001.0001
below the closeness bar	0.1547	25		2003	Displaced Soundscapes: A Survey of Network Systems for Music and Sonic Art Creation	10.1162/096112104322750791
below the closeness bar	0.1488	10	14	2006	An enactive approach to the design of new tangible musical instruments	10.1017/s135577180600152x
below the closeness bar	0.1515		23	2013	A Manual Actions Expressive System (MAES)	10.1017/s1355771813000307
below the closeness bar	0.2178		23	2018	Vocal Control of Sound Synthesis Personalized by Unsupervised Machine Listening and Learning	10.1162/comj_a_00450
below the closeness bar	0.1543		23	2025	Neural audio instruments: epistemological and phenomenological perspectives on musical embodiment of deep learning	10.3389/fcomp.2025.1575168
below the closeness bar	0.1441		23	2018	Simple mappings, expressive movement: a qualitative investigation into the end-user mapping design of experienced mid-air musicians	10.1080/14626268.2018.1510841
below the closeness bar	0.1881	7	15	2022	Material Matters: Exploring Materiality in Digital Musical Instruments Design	10.1145/3532106.3533523
below the closeness bar	0.1782	5	17	2017	Mobile Music, Sensors, Physical Modeling, and Digital Fabrication: Articulating the Augmented Mobile Instrument	10.3390/app7121311
below the closeness bar	0.1866		21	2026	Design Explorations of Instruments and Interactions with Bidirectional Haptic Couplings	10.1145/3772318.3791190
below the closeness bar	0.1362		21	2017	Traveling wave control of stringed musical instruments	10.1121/1.4987763
below the closeness bar	0.219		21	2015	Buttons, Handles, and Keys: Advances in Continuous-Control Keyboard Instruments	10.1162/comj_a_00297
below the closeness bar	0.2016	20		2003	Live coding in laptop performance	10.1017/s135577180300030x
below the closeness bar	0.1763		20	2019	Musicking with an interactive musical system: The effects of task motivation and user interface mode on non-musicians’ creative engagement	10.1016/j.ijhcs.2018.07.009
below the closeness bar	0.1649		20	2022	Studying How Digital Luthiers Choose Their Tools	10.1145/3491102.3517656
below the closeness bar	0.1941		20	2022	Expressive Musical Robots: Building, Evaluating, and Interfacing with an Ensemble of Mechatronic Instruments	10.26686/wgtn.20387730
below the closeness bar	0.1579	19		2000	Musicking: The Meanings of Performing and Listening	10.2307/852662
below the closeness bar	0.138	19		2020	Entanglement HCI The Next Wave?	10.1145/3364998
below the closeness bar	0.1397		19	2024	Entangling Entanglement: A Diffractive Dialogue on HCI and Musical Interactions	10.1145/3613904.3642171
below the closeness bar	0.1639		19	2021	Contemporary Approaches to Live Computer Music: The Evolution of the Performer Composer	10.26686/wgtn.17004979
below the closeness bar	0.1903		19	2025	Wireless Inertial Measurement Units in Performing Arts	10.3390/s25196188
below the closeness bar	0.1152	7	11	2024	Shifting Ambiguity, Collapsing Indeterminacy: Designing with Data as Baradian Apparatus	10.1145/3689043
below the closeness bar	0.1791		18	2022	MetaFlute: Developing Tools to Observe Micro-Timing and Physical Movements in Flute Playing	10.26686/wgtn.20388237
below the closeness bar	0.0		18	2020	Was that me?	10.1145/3411109.3411137
below the closeness bar	0.1904		18	2022	From Fiction to Function: Imagining New Instruments through Design Workshops	10.1162/comj_a_00644
below the closeness bar	0.1528	17		2006	Meeting the Universe Halfway	10.1215/9780822388128
below the closeness bar	0.191	9	8	2017	Building a Maker Community Around an Open Hardware Platform	10.1145/3025453.3026056
below the closeness bar	0.1665	5	12	2020	Idiomatic Patterns and Aesthetic Influence in Computer Music Languages	10.1017/s1355771819000463
below the closeness bar	0.191		17	2017	Supporting Non-Musicians? Creative Engagement with Musical Interfaces	10.1145/3059454.3059457
below the closeness bar	0.1708		17	2022	Allocentric and Egocentric Controllers: Similarities and Differences	10.1162/leon_a_02065
below the closeness bar	0.1915		17	2021	Towards a Latin American NIME Research Community	10.5753/sbcm.2021.19468
below the closeness bar	0.1728	16		2000	Too Many Notes: Computers, Complexity and Culture in Voyager	10.1162/096112100570585
below the closeness bar	0.1669	10	6	2018	Action-sound Latency and the Perceived Quality of Digital Musical Instruments	10.1525/mp.2018.36.1.109
below the closeness bar	0.185	8	8	2014	Ocarina: Designing the iPhone's Magic Flute	10.1162/comj_a_00236
below the closeness bar	0.1772	6	10	2013	The FireFader: Simple, Open-Source, and Reconfigurable Haptic Force Feedback for Musicians	10.1162/comj_a_00166
below the closeness bar	0.163		16	2019	Data-Driven Analysis of Tiny Touchscreen Performance with MicroJam	10.1162/comj_a_00536
below the closeness bar	0.1555	9	6	2021	The entanglements which make instruments musical: Rediscovering sociality	10.1080/09298215.2021.1899247
below the closeness bar	0.1215	8	7	2012	Musical Robotics in a Loudspeaker World: Developments in Alternative Approaches to Localization and Spatialization	10.1162/lmj_a_00090
below the closeness bar	0.1882	5	10	2018	The Machine Learning Algorithm as Creative Musical Tool	10.1093/oxfordhb/9780190226992.013.23
below the closeness bar	0.1335		15	2022	Capture and express, question and understand: Gloves in gestural electronic music performance	10.1017/wtc.2022.3
below the closeness bar	0.1701		15	2023	Rethinking Instrumental Interface Design: The MetaBow	10.1162/comj_a_00683
below the closeness bar	0.172		15	2019	Music Technology and Alternate Controllers for Clients with Complex Needs	10.1093/mtp/miz006
below the closeness bar	0.1802		15	2021	Design and evaluation of a digitally active drum	10.1007/s00779-020-01391-6
below the closeness bar	0.1249		15	2026	Notes aren’t real: An anti-framework for entangled instrument design	10.1017/s1355771826101320
below the closeness bar	0.1722		15	2022	Inclusive Improvisation: Exploring the Line between Listening and Playing Music	10.1145/3506856
below the closeness bar	0.192		15	2018	Gesture-sound causality from the audience’s perspective: Investigating the aesthetic experience of performances with digital musical instruments.	10.1037/aca0000114
below the closeness bar	0.1701		15	2022	A Survey of Augmented Piano Prototypes: Has Augmentation Improved Learning Experiences?	10.1145/3567719
below the closeness bar	0.1732		15	2025	The Conduction Series: Live Collaborative Transmission Art across Borders	10.1145/3771594.3771612
below the closeness bar	0.1732	14		2013	Feedback Systems: An Analytical Framework	10.1162/comj_a_00176
below the closeness bar	0.1564	14		2016	The Hands: The Making of a Digital Musical Instrument	10.1162/comj_a_00356
below the closeness bar	0.1908	8	6	2022	Super Size Me: Interface Size, Identity and Embodiment in Digital Musical Instrument Design	10.1145/3491102.3517626
below the closeness bar	0.1515	6	8	2012	Identifying mutual engagement	10.1080/01449290903377103
below the closeness bar	0.2048	5	9	2015	Distributed tools for interactive design of heterogeneous signal networks	10.1007/s11042-014-1878-5
below the closeness bar	0.2001		14	2023	Challenges and Opportunities of Force Feedback in Music	10.3390/arts12040147
below the closeness bar	0.1655		14	2021	Embrace the Weirdness: Negotiating Values Inscribed into Music Technology	10.1162/comj_a_00610
below the closeness bar	0.1723		14	2016	User-Driven Techniques for the Design and Evaluation of New Musical Interfaces	10.1162/comj_a_00357
below the closeness bar	0.168		14	2021	Locating Creativity in Differing Approaches to Musical Robotics	10.3389/frobt.2021.647028
below the closeness bar	0.1492	8	5	2021	Resistance, Mastery, Agency: Improvising with the feedback-actuated augmented bass	10.1017/s1355771821000029
below the closeness bar	0.2103	6	7	2020	Understanding Musical Predictions With an Embodied Interface for Musical Machine Learning	10.3389/frai.2020.00006
below the closeness bar	0.1457	5	8	2023	Musical Metaverse: vision, opportunities, and challenges	10.1007/s00779-023-01708-1
below the closeness bar	0.2178		13	2016	Intelligent Agents and Networked Buttons Improve Free-Improvised Ensemble Music-Making on Touch-Screens	10.1145/2858036.2858269
below the closeness bar	0.2162		13	2008	The Co-Evolution of Humans and Machines: A Paradox of Interactivity	10.14361/9783839408421-001
below the closeness bar	0.1699		13	2023	A Fuzzy Gestural AI Approach for Expressive Interactivity in Multitouch Digital Musical Instruments Based on Laban Descriptors	10.1162/comj_a_00673
below the closeness bar	0.1404		13	2018	Extended Playing Techniques on an Augmented Virtual Percussion Instrument	10.1162/comj_a_00457
below the closeness bar	0.1942		13	2023	The development of a Modular Accessible Musical Instrument Technology Toolkit using action research	10.3389/fcomp.2023.1113078
below the closeness bar	0.1527		13	2014	Mapping Control Structures for Sound Synthesis: Functional and Topological Perspectives	10.1162/comj_a_00253
below the closeness bar	0.212		13	2015	World Stage: Crowdsourcing Paradigm for Expressive Social Mobile Music	10.1080/09298215.2014.991739
below the closeness bar	0.1975		13	2025	Exploring gestural affordances in audio latent space navigation	10.3389/fcomp.2025.1575202
below the closeness bar	0.1328		13	2021	Technology-Mediated Musical Connections: The Ecology of a Screen-Score Performance	10.1145/3478384.3478395
below the closeness bar	0.2168		13	2023	Rhythmic Accuracy of 3D Spatial Interaction for Digital Music	10.1145/3616195.3616216
below the closeness bar	0.1581	12		2021	Enabling Programmatic Data Mining as Musicking: The Fluid Corpus Manipulation Toolkit	10.1162/comj_a_00600
below the closeness bar	0.1525	12		2019	Reflecting on reflexive thematic analysis	10.1080/2159676x.2019.1628806
below the closeness bar	0.1359	5	7	2019	Cords and Chords: Exploring the Role of E-Textiles in Computational Audio	10.3389/fict.2019.00002
below the closeness bar	0.1783	5	7	2014	Mapping Through Listening	10.1162/comj_a_00255
below the closeness bar	0.1608		12	2023	An End-to-End Musical Instrument System That Translates Electromyogram Biosignals to Synthesized Sound	10.1162/comj_a_00672
below the closeness bar	0.2201		12	2008	On stage: the reactable and other musical tangibles go real	10.1504/ijart.2008.022363
below the closeness bar	0.1694		12	2017	Loudspeakers Optional: A history of non-loudspeaker-based electroacoustic music	10.1017/s1355771817000103
below the closeness bar	0.1619		12	2019	Augmenting Guitars for Performance Preparation	10.1145/3356590.3356602
below the closeness bar	0.1789		12	2020	Inclusive improvisation through sound and movement mapping: from DMI to ADMI	10.1145/3373625.3416988
below the closeness bar	0.1621		12	2014	Contemporary Practices of Extending Traditional Asian Instruments Using Technology	10.1017/s1355771814000077
below the closeness bar	0.2023		12	2023	SoundTraveller: Exploring Abstraction and Entanglement in Timbre Creation Interfaces for Synthesizers	10.1145/3563657.3596089
below the closeness bar	0.1881		12	2023	Designing accessible musical instruments by addressing musician-instrument relationships	10.3389/fcomp.2023.1153232
below the closeness bar	0.1911		12	2023	Visual Representations to Stimulate New Musicking Strategies in Live Coding	10.1017/s1355771823000389
below the closeness bar	0.1419		12	2022	light.void~: An Autographic Case Study on Approaches, Constraints, and Affordances with a Light-dependent Musical Interface.	10.17230/ricercare.2022.15.5
below the closeness bar	0.1999		12	2023	When Materials Meet Sound: Discovering the Meaning of Deformable Materials in Musical Interaction	10.1145/3563657.3596010
below the closeness bar	0.2069	11		1998	The Physics of Musical Instruments	10.1007/978-0-387-21603-4
below the closeness bar	0.1433	11		1993	Formalized Music: Thought and Mathematics in Composition	10.2307/898697
below the closeness bar	0.1767	11		2019	The Body as Musical Instrument	10.1093/oxfordhb/9780190636234.013.2
below the closeness bar	0.218	11		2012	Autobiographical design in HCI research	10.1145/2317956.2318034
below the closeness bar	0.1935	6	5	2017	Musical Organics: A Heterarchical Approach to Digital Organology	10.1080/09298215.2017.1353636
below the closeness bar	0.1164	5	6	2021	Ambiguous Devices: Improvisation, agency, touch and feedthrough in distributed music performance	10.1017/s1355771821000054
below the closeness bar	0.2015	5	6	2020	Open Source DMIs: Towards a Replication Certification for Online Shared Projects of Digital Musical Instruments	10.1007/978-3-030-60114-0_5
below the closeness bar	0.1864	5	6	2018	Motion-Sound Mapping through Interaction	10.1145/3211826
below the closeness bar	0.2208		11	2014	Evaluating Gesture-Augmented Keyboard Performance	10.1162/comj_a_00277
below the closeness bar	0.2083		11	2018	Sound, Ecological Affordances and Embodied Mappings in Auditory Display	10.1007/978-3-319-73374-6_12
below the closeness bar	0.2008		11	2023	Continuous Parameter Control Using an On/Off Sensor in the Augmented Handheld Triangle	10.1007/978-3-031-35382-6_8
below the closeness bar	0.1582		11	2024	Heart and Soul: The Ethics of Biometric Capture in Immersive Artistic Performance	10.1145/3613904.3642309
below the closeness bar	0.1675		11	2025	Exploring pose estimation in instrumental composition: the Body Fragmented project	10.3389/fcomp.2025.1570296
below the closeness bar	0.2016		11	2019	Survey of Hardware and Software Design Approaches for Mechatronic Chordophones	10.1162/comj_a_00499
below the closeness bar	0.1938		11	2023	Accessible Digital Musical Instruments in Special Educational Needs Schools – Design Considerations Based on 16 Qualitative Interviews with Music Teachers	10.1080/10447318.2022.2049141
below the closeness bar	0.1841		11	2018	Hackable Instruments: Supporting Appropriation and Modification in Digital Musical Interaction	10.3389/fict.2018.00026
below the closeness bar	0.1358		11	2011	Community-Based Design: The Democratization of Musical Interface Construction	10.1162/lmj_a_00058
below the closeness bar	0.1893		11	2023	Investigating performance ecologies using screen scores: a case study	10.1007/s00779-023-01719-y
below the closeness bar	0.1915		11	2023	The Stretchy Strap: supporting encumbered interaction with guitars	10.1080/09298215.2023.2274832
below the closeness bar	0.1685		11	2021	Immersive Spatial Interactivity in Sonic Arts: The Acoustic Localization Positioning System	10.1162/comj_a_00605
below the closeness bar	0.123		11	2022	Instruments that are more than instruments (and other stories)	10.17230/ricercare.2022.15.4
below the closeness bar	0.1419		11	2025	ImproVisAR: designing augmented reality piano roll for teaching improvisation	10.1007/s10055-025-01215-z
below the closeness bar	0.1661	10		1991	Flow: The Psychology of Optimal Experience	10.2307/1511458
below the closeness bar	0.173	10		2003	Posthumanist Performativity: Toward an Understanding of How Matter Comes to Matter	10.1086/345321
below the closeness bar	0.1568	10		1991	The Embodied Mind	10.7551/mitpress/6730.001.0001
below the closeness bar	0.152	5	5	2003	On gender in new music interface technology	10.1017/s1355771803001031
below the closeness bar	0.175	5	5	2021	Where Does the Buck Stop? Ethical and Political Issues with AI in Music Creation	10.5334/tismir.86
below the closeness bar	0.1918		10	2018	Tensions and Techniques in Live Coding Performance	10.1093/oxfordhb/9780190226992.013.20
below the closeness bar	0.2007		10	2015	Using massMobile, a flexible, scalable, rapid prototyping audience participation framework, in large-scale live musical performances	10.1080/14626268.2015.1057345
below the closeness bar	0.2004		10	2019	Applying Game Mechanics to Networked Music HCI Systems	10.1007/978-3-319-92069-6_14
below the closeness bar	0.2012		10	2024	Maplet: Integrating Distributed Data Signal Mappings for Performative Interactions Within the Eurorack Modular Synthesizer Ecosystem	10.1145/3678299.3678333
below the closeness bar	0.2002		10	2008	Creativity with Learning:Approaches for Improvisational Musical Expression Supports	10.3756/artsci.7.75
below the closeness bar	0.2193		10	2014	User Behavior	10.1007/978-1-4614-6170-8_100971
below the closeness bar	0.1656		10	2022	Designing felt experiences with movement-based, wearable musical instruments: From inclusive practices toward participatory design	10.1017/wtc.2022.15
below the closeness bar	0.1917		10	2021	Data Mining / Live Scoring – A Live Acoustic Algorithmic Composition Based on Twitter	10.21785/icad2021.034
below the closeness bar	0.1881		10	2019	A technical approach of the audience participation in the performance 'O Chaos das 5'	10.5753/sbcm.2019.10419
below the closeness bar	0.2051		10	2025	Sonic Agency: A Group Autoethnography of Technology-mediated Performance Practice by Deaf and Hard of Hearing Musicians	10.1145/3663547.3746396
below the closeness bar	0.1957	9		2017	Bela: An embedded platform for low-latency feedback control of sound	10.1121/1.4987761
below the closeness bar	0.1893	9		2019	ERGODYNAMICS AND A SEMIOTICS OF INSTRUMENTAL COMPOSITION	10.1017/s0040298218000633
below the closeness bar	0.1446	9		2018	Designing with the Body	10.7551/mitpress/11481.001.0001
cites 5–9 archive entries	0.2069		9	2010	A View on Improvisation from the Kitchen Sink	10.1162/lmj_a_00020
cites 5–9 archive entries	0.2345		9	2015	Computer Music Languages and Systems: The Synergy Between Technology and Creativity	10.1007/978-981-4560-52-8_19-1
cites 5–9 archive entries	0.3146		9	2008	Preservation of interactive multimedia performances	10.1504/ijmso.2008.023567
cites 5–9 archive entries	0.1702		9	2024	Musical Drawing in 2D and 3D: Dimensions and Perspectives	10.1145/3678299.3678317
cites 5–9 archive entries	0.1963		9	2023	Analysis of Accessible Digital Musical Instruments through the lens of disability models: a case study with instruments targeting d/Deaf people	10.3389/fcomp.2023.1158476
cites 5–9 archive entries	0.2502		9	2018	Understanding User-Defined Mapping Design in Mid-Air Musical Performance	10.1145/3212721.3212810
cites 5–9 archive entries	0.2734		9	2018	Emotion in Video Game Soundtracking	10.1007/978-3-319-72272-6
cites 5–9 archive entries	0.4077		9	2017	A Virtual Musical Instrument for 3D Performance with Short Gestures: Exploring Mapping Strategies with Virtual Reality	10.1007/978-3-319-67738-5_18
cites 5–9 archive entries	0.5088		9	2015	Gestural control in electronic music performance	10.1145/2814895.2814901
cites 5–9 archive entries	0.2848		9	2020	Advances in Computer Graphics	10.1007/978-3-030-61864-3
cites 5–9 archive entries	0.3215		9	2019	A Case Study in Collaborative Learning via Participatory Music Interactive Systems: Interactive Tango Milonga	10.1007/978-3-319-92069-6_18
cites 5–9 archive entries	0.2765		9	2023	Composing Interface Connections for a Networked Touchscreen Ensemble	10.1109/ieeeconf59510.2023.10335226
cites 5–9 archive entries	0.2598		9	2016	Music, Mind, and Embodiment	10.1007/978-3-319-46282-0
cites 5–9 archive entries	0.2402		9	2016	BOEUF: A Unified Framework for Modeling and Designing Digital Orchestras	10.1007/978-3-319-46282-0_10
cites 5–9 archive entries	0.3381		9	2014	Mapping and interaction strategies for performing environmental sound	10.1109/sive.2014.7006286
cites 5–9 archive entries	0.2526		9	2016	A survey of robotic musicianship	10.1145/2818994
cites 5–9 archive entries	0.2778		9	2018	User-independent Accelerometer Gesture Recognition for Participatory Mobile Music	10.17743/jaes.2018.0026
cites 5–9 archive entries	0.2587		9	2011	Digital Music Performance for Mobile Devices Based on Magnetic Interaction	10.1109/tim.2011.2164283
cites 5–9 archive entries	0.3648		9	2014	Playing vibrotactile music: A comparison between the Vibrochord and a piano keyboard	10.1016/j.ijhcs.2014.01.003
cites 5–9 archive entries	0.2304		9	2019	Liveness and Interactivity in Popular Music	10.4324/9781351016711-8
cites 5–9 archive entries	0.3638		9	2019	DrWebusic : Real-time Interactive Audio System on the Web	10.9728/dcs.2019.20.9.1755
cites 5–9 archive entries	0.2587		9	2010	Towards digital music performance for mobile devices based on magnetic interaction	10.1109/have.2010.5623990
cites 5–9 archive entries	0.2157		9	2022	Mobile Music Development Tools for Creative Coders	10.31390/gradschool_dissertations.4935
cites 5–9 archive entries	0.2066		9	2020	Levels of Detail in Visual Augmentation for Novice and Expert Audiences	10.1162/comj_a_00568
cites 5–9 archive entries	0.2714		9	2017	The Role of Live Visuals in Audience Understanding of Electronic Music Performances	10.1145/3123514.3123555
cites 5–9 archive entries	0.1482		9	2019	The Influence of Coauthorship in the Interpretation of Multimodal Interfaces	10.1155/2019/9234812
cites 5–9 archive entries	0.1851		9	2023	Suspended Circles: Soma Designing a Musical Instrument	10.1145/3544548.3581488
cites 5–9 archive entries	0.4505		9	2018	Gestural Control of Augmented Instrumental Performance	10.1145/3212721.3212814
cites 5–9 archive entries	0.3219		9	2019	Bewegungssonifikation: Psychologische Grundlagen und Auswirkungen der Verklanglichung menschlicher Handlungen in der Rehabilitation, im Sport und bei Musikaufführungen	10.5964/jbdgm.2018v28.36
cites 5–9 archive entries	0.194		9	2021	TumTá and Pisada	10.35699/2317-6377.2020.26151
cites 5–9 archive entries	0.1498		9	2021	Co-Sounding: Fostering intersubjectivity in electronic music improvisation	10.1017/s1355771821000017
cites 5–9 archive entries	0.241		9	2020	Transparent Communication Within Multiplicities	10.23919/fruct49677.2020.9210989
cites 5–9 archive entries	0.2488		9	2012	The Augmented String Quartet: Experiments and Gesture Following	10.1080/09298215.2011.647823
cites 5–9 archive entries	0.4082		9	2019	Encumbered Interaction	10.1145/3290605.3300706
cites 5–9 archive entries	0.1777		9	2019	Noted: Musical affordances for collective exploratory music-making	10.31274/cc-20240624-1067
cites 5–9 archive entries	0.164		9	2022	The Perfect Musical Instrument Does Not Exist	10.1145/3529190.3534741
cites 5–9 archive entries	0.2004		9	2025	A Sensor is not a Sensor: Diffracting the Preservation of Sonic Microinteraction with the SiFiBand	10.1145/3771594.3771626
cites 5–9 archive entries	0.143		9	2016	Expressivity in Open-ended Constructive Play	10.1145/2930674.2930683
below the closeness bar	0.1399	8		1977	Multidimensional perceptual scaling of musical timbres	10.1121/1.381428
below the closeness bar	0.1357	8		2019	Accessible Instruments in the Wild	10.1145/3290607.3313037
below the closeness bar	0.132	8		2020	Digital Musical Instruments as Probes: How computation changes the mode-of-being of musical instruments	10.1017/s1355771819000475
cites 5–9 archive entries	0.4196		8	2014	A Virtual Reality Platform for Musical Creation: GENESIS-RT	10.1007/978-3-319-12976-1_22
cites 5–9 archive entries	0.1965		8	2006	Fetish: Bent Leather's palpable, visceral instruments and Grainger	10.1080/07494460600647519
cites 5–9 archive entries	0.317		8	1999	Exploration of Timbre by Analysis and Synthesis	10.1016/b978-012213564-4/50006-8
cites 5–9 archive entries	0.183		8	2024	The Perceptron: A Multi-player Entangled Instrument based on Interpretive Mapping and Intra-action.	10.1145/3678299.3678338
cites 5–9 archive entries	0.2418		8	2020	Somatic Sonification in Dance Performances. From the Artistic to the Perceptual and Back	10.1145/3401956.3404226
cites 5–9 archive entries	0.1686		8	2011	Balance Ball Interface for Performing Arts	10.1007/978-3-642-21669-5_52
cites 5–9 archive entries	0.0		8	2010	TOUCHtr4ck	10.1145/1935701.1935773
cites 5–9 archive entries	0.214		8	2025	Augmenting IoMusT Devices with Haptic Feedback: Design Tools and Strategies from Expert T-Stick Performers	10.1109/is264627.2025.11284670
cites 5–9 archive entries	0.219		8	2025	From Installation to Instrument: A Qualitative Inquiry into Gesture, Expression, and Composition with Soundscape	10.1145/3771594.3771627
cites 5–9 archive entries	0.453		8	2017	Turn-Taking and Chatting in Collaborative Music Live Coding	10.1145/3123514.3123519
cites 5–9 archive entries	0.2446		8	2017	Integrating Gesture Data in Computer-aided Composition: A Framework for Representation, Processing and Mapping	10.1080/09298215.2016.1254662
cites 5–9 archive entries	0.3743		8	2026	Construction, manipulation et visualisation de processus sonores dans des environnements virtuels immersifs pour la performance musicale	10.70675/ac9d5250zb14cz4f39z8182z74aa81ef169d
cites 5–9 archive entries	0.1962		8	2004	Designing for Intimacy: Creating New Interfaces for Musical Expression	10.1109/jproc.2004.825887
cites 5–9 archive entries	0.2009		8	2021	Experiencing Embodied Sonic Meditation Through Body, Voice, and Multimedia Arts	10.1007/978-3-030-72507-5_8
cites 5–9 archive entries	0.2901		8	2018	Motion Controllers, Sound, and Music in Video Games: State of the Art and Research Perspectives	10.1007/978-3-319-72272-6_8
cites 5–9 archive entries	0.1452		8	2023	A web-based distributed system for integrating mobile music in choral performance	10.1007/s00779-023-01709-0
cites 5–9 archive entries	0.1357		8	2012	Internet2 and Global Electroacoustic Music: Navigating a decision space of production, relationships and languages	10.1017/s135577181100046x
cites 5–9 archive entries	0.292		8	2025	Expanding Creative Interaction: Toward a Modular Toolkit for Audio-Visual Composition and Augmented Performance	10.1145/3765766.3765845
cites 5–9 archive entries	0.0		8	2017	Handwaving	10.1145/3123514.3123538
cites 5–9 archive entries	0.2239		8	2025	The TMAP Framework: Describing the Design Space of Technology-Mediated Audience Participation in Live Music	10.1109/access.2025.3543064
cites 5–9 archive entries	0.2406		8	2015	Tech report: Orchestrating your cloud orchestra: Model driven development of cloud deployment and orchestration for distributed computer music instruments	10.7287/peerj.preprints.991v1
cites 5–9 archive entries	0.346		8	2018	Musical Haptics	10.1007/978-3-319-58316-7
cites 5–9 archive entries	0.369		8	2014	Advancements in violin-related human-computer interaction	10.1504/ijart.2014.060941
cites 5–9 archive entries	0.2075		8	2020	Understanding Human–Technology Relations Within Technologization and Appification of Musicality	10.3389/fpsyg.2020.00416
cites 5–9 archive entries	0.2223		8	2013	Chasing a Feeling: Experience in Computer Supported Jamming	10.1007/978-1-4471-2990-5_5
cites 5–9 archive entries	0.1563		8	2026	Entangled musicianship: rethinking music education and digital musical interactions through posthumanist theory	10.1017/s0265051726100801
cites 5–9 archive entries	0.1399		8	2026	MNT2: A Longitudinal Evaluation of an Open-Source Mapping Software	10.5216/mh.v26.85231
cites 5–9 archive entries	0.2052		8	2023	Chaos Bells: Instrument Size and Entangled Music Performance	10.1080/07494467.2023.2277556
cites 5–9 archive entries	0.1985		8	2017	Mapping, Causality and the Perception of Instrumentality: Theoretical and Empirical Approaches to the Audience’s Experience of Digital Musical Instruments	10.1007/978-981-10-2951-6_23
cites 5–9 archive entries	0.1944		8	2015	Social retrieval of music content in multi-user performance	10.4108/ct.2.3.e1
cites 5–9 archive entries	0.1373		8	2021	Flows of Inhomogeneous Matter: Improvising an augmented violin	10.1017/s1355771821000066
cites 5–9 archive entries	0.2937		8	2008	Between Mapping, Sonification and Composition: Responsive Audio Environments in Live Performance	10.1007/978-3-540-85035-9_17
cites 5–9 archive entries	0.201		8	2021	Comprehensive Framework for Describing Interactive Sound Installations: Highlighting Trends through a Systematic Review	10.3390/mti5040019
cites 5–9 archive entries	0.2058		8	2025	Accessibility and Social Inclusivity: A Literature Review of Music Technology for Blind and Low Vision People	10.1145/3663547.3746466
cites 5–9 archive entries	0.2558		8	2020	Out of Touch? Challenges in Reconnecting Bodies with Instruments ‘of the Future’	10.1080/07494467.2020.1806629
cites 5–9 archive entries	0.2679		8	2019	Harp and Electronics: Composition, Design, and Performance	10.1080/07494467.2019.1706349
cites 5–9 archive entries	0.2336		8	2019	Ha Dou Ken Music: Mapping a joysticks as a musical controller	10.5753/sbcm.2019.10425
cites 5–9 archive entries	0.1544		8	2019	Rapid Composition for Networked Devices: HappyBrackets	10.1162/comj_a_00520
cites 5–9 archive entries	0.2176		8	2022	Examining Embodied Sensation and Perception in Singing	10.1145/3490149.3503581
cites 5–9 archive entries	0.0		8	2017	Hear-Here	10.1145/3123514.3123552
cites 5–9 archive entries	0.2601		8	2022	Sound -&gt; Object -&gt; Gesture: Physical Affordances of Virtual Materials	10.1145/3561212.3561230
cites 5–9 archive entries	0.2464		8	2022	Designing Gestures for Digital Musical Instruments: Gesture Elicitation Study with Deaf and Hard of Hearing People	10.1145/3517428.3544828
cites 5–9 archive entries	0.1921		8	2024	Jess+: AI and robotics with inclusive music-making	10.1145/3613904.3642548
cites 5–9 archive entries	0.1542		8	2020	A Survey on Visualizations for Musical Data	10.1111/cgf.13905
cites 5–9 archive entries	0.2091		8	2021	Prototyping Machine Learning Through Diffractive Art Practice	10.1145/3461778.3462163
cites 5–9 archive entries	0.1764		8	2022	Customizing and Evaluating Accessible Multisensory Music Experiences with Pre-Verbal Children—A Case Study on the Perception of Musical Haptics Using Participatory Design with Proxies	10.3390/mti6070055
cites 5–9 archive entries	0.1361		8	2013	Primate Drum Kit: A System for Studying Acoustic Pattern Production by Non-Human Primates Using Acceleration and Strain Sensors	10.3390/s130809790
cites 5–9 archive entries	0.2934		8	2019	Six types of audio that DEFY reality!	10.1145/3356590.3356615
cites 5–9 archive entries	0.2269		8	2024	Locality and Digital Musical Instruments Design: A User Study	10.1145/3678299.3678347
cites 5–9 archive entries	0.1532		8	2022	Share Your Values! Community-Driven Embedding of Ethics in Research	10.1145/3491101.3516389
below the closeness bar	0.1752	7		2009	Towards Unified Design Guidelines for New Interfaces for Musical Expression	10.1017/s1355771809000259
below the closeness bar	0.1708	7		2007	Creativity support tools: accelerating discovery and innovation	10.1145/1323688.1323689
below the closeness bar	0.1615	7		2012	Feedback control of acoustic musical instruments: Collocated control using physical analogs	10.1121/1.3651091
below the closeness bar	0.1527	7		2013	An Action–Sound Approach to Teaching Interactive Music	10.1017/s1355771813000095
below the closeness bar	0.2048	7		2015	Adaptive Gesture Recognition with Variation Estimation for Interactive Systems	10.1145/2643204
below the closeness bar	0.1213	7		2017	Between Air and Electricity	10.5040/9781501327636
below the closeness bar	0.134	7		2018	Practice-Based Research in the Creative Arts: Foundations and Futures from the Front Line	10.1162/leon_a_01471
below the closeness bar	0.1942	7		1978	Biofeedback and the Arts: Results of Early Experiments	10.2307/1574185
below the closeness bar	0.122	7		2013	Performance-Led Research in the Wild	10.1145/2491500.2491502
below the closeness bar	0.142	7		2016	Diversity in NIME Research Practices	10.1162/leon_a_01120
below the closeness bar	0.1705	7		2006	How bodies matter	10.1145/1142405.1142429
cites 5–9 archive entries	0.2598		7	2004	Designing Musical Interfaces with Composition in Mind	10.1007/978-3-540-39900-1_20
cites 5–9 archive entries	0.1665		7	2019	Sonifyd: A Graphical Approach for Sound Synthesis and Synesthetic Visual Expression	10.21785/icad2019.045
cites 5–9 archive entries	0.1337		7	2020	Musical Brush: Exploring Creativity Through an AR-Based Tool for Sketching Music and Drawings	10.1007/978-3-030-61864-3_11
cites 5–9 archive entries	0.3261		7	2017	Extending the Instrumental Sound World Using Electronics	10.1017/9781316459874.016
cites 5–9 archive entries	0.2218		7	2017	DIY and Maker Communities in Electronic Music	10.1017/9781316459874.015
cites 5–9 archive entries	0.4611		7	2017	The Analysis of Electronic Music	10.1017/9781316459874.017
cites 5–9 archive entries	0.2964		7	2017	Electronic Sound Art and Aesthetic Experience	10.1017/9781316459874.014
cites 5–9 archive entries	0.2429		7	2013	The space between the notes	10.1145/2470654.2481302
cites 5–9 archive entries	0.3467		7	2007	Electronic music and the moving image	10.1017/ccol9780521868617.011
cites 5–9 archive entries	0.3297		7	2007	The origins of electronic music	10.1017/ccol9780521868617.003
cites 5–9 archive entries	0.5712		7	2007	Live electronic music	10.1017/ccol9780521868617.005
cites 5–9 archive entries	0.1603		7	2007	The Cambridge Companion to Electronic Music	10.1017/ccol9780521868617
cites 5–9 archive entries	0.3409		7	2017	A History of Programming and Music	10.1017/9781316459874.006
cites 5–9 archive entries	0.4059		7	2007	Trends in electroacoustic music	10.1017/ccol9780521868617.015
cites 5–9 archive entries	0.409		7	2007	Electronic music and the studio	10.1017/ccol9780521868617.004
cites 5–9 archive entries	0.3126		7	2007	Computer generation and manipulation of sounds	10.1017/ccol9780521868617.013
cites 5–9 archive entries	0.4247		7	2007	Interactivity and live computer music	10.1017/ccol9780521868617.007
cites 5–9 archive entries	0.3817		7	2018	Musical Haptics: Introduction	10.1007/978-3-319-58316-7_1
cites 5–9 archive entries	0.24		7	2018	A Comparison of Gestural and Touch-Based Interface for Designing a Virtual Percussion Instrument	10.1007/978-981-13-1628-9_24
cites 5–9 archive entries	0.1691		7	2015	The Shake Stick	10.7287/peerj.preprints.995v1
cites 5–9 archive entries	0.4254		7	2008	TheBeatbug– evolution of a musical controller	10.1080/14626260701847373
cites 5–9 archive entries	0.1888		7	2020	New Interfaces and Approaches to Machine Learning When Classifying Gestures within Music	10.3390/e22121384
cites 5–9 archive entries	0.3309		7	2017	Embodied Music Interaction: Creative Design Synergies Between Music Performance and HCI	10.1057/978-1-349-95241-0_14
cites 5–9 archive entries	0.3019		7	2022	Tapis Magique: Machine-knitted Electronic Textile Carpet for Interactive Choreomusical Performance and Immersive Environments	10.1145/3527927.3531451
cites 5–9 archive entries	0.2092		7	2022	CO/DA: Live-Coding Movement-Sound Interactions for Dance Improvisation	10.1145/3491102.3501916
cites 5–9 archive entries	0.1984		7	2016	ZatLab Gesture Recognition Framework	10.4018/ijcicg.2016070102
cites 5–9 archive entries	0.1716		7	2015	ZatLab	10.4018/978-1-4666-7304-5.ch011
cites 5–9 archive entries	0.2482		7	2017	Dynamic Mapping Strategies Using Content-Based Classification: A Proposed Method for an Augmented Instrument	10.1007/978-3-319-67738-5_21
cites 5–9 archive entries	0.163		7	2022	Tool or Actor? Expert Improvisers' Evaluation of a Musical AI “Toddler”	10.1162/comj_a_00657
cites 5–9 archive entries	0.2958		7	2006	The reacTable	10.1145/1179849.1179963
cites 5–9 archive entries	0.1445		7	2021	Elk Audio OS	10.1145/3446393
cites 5–9 archive entries	0.1361		7	2020	From Physical to Spiritual: Defining the practice of embodied sonic meditation	10.1017/s1355771820000266
cites 5–9 archive entries	0.2591		7	2020	Human Interface and the Management of Information. Interacting with Information	10.1007/978-3-030-50017-7
cites 5–9 archive entries	0.2647		7	2019	The Effect of Social Interaction on Facilitating Audience Participation in a Live Music Performance	10.1145/3325480.3325509
cites 5–9 archive entries	0.137		7	2016	Turning movement into music: Issues and applications of the MotionComposer, a therapeutic device for persons with different abilities	10.7146/se.v6i1.24911
cites 5–9 archive entries	0.2657		7	2016	A tabletop instrument for manipulation of sound morphologies with hands, fingertips and upper-body	10.1145/2948910.2948946
cites 5–9 archive entries	0.1709		7	2019	Preparing the Digital Piano: Introducing bitKlavier	10.1162/comj_a_00518
cites 5–9 archive entries	0.1354		7	2023	Fostering Social Interaction Through Sound Feedback: Sentire	10.1017/s1355771822000024
cites 5–9 archive entries	0.2043		7	2018	Music Information Retrieval in Live Coding: A Theoretical Framework	10.1162/comj_a_00484
cites 5–9 archive entries	0.1982		7	2013	Let's jam the reactable	10.1145/2530541
cites 5–9 archive entries	0.1749		7	2012	Building on the Foundations of Network Music: Exploring interaction contexts and shared robotic instruments	10.1017/s1355771811000525
cites 5–9 archive entries	0.155		7	2025	Music Mode: Transforming Robot Movement into Music Increases Likability and Perceived Intelligence	10.1145/3686811
cites 5–9 archive entries	0.1339		7	2021	Channelisation of Noise through a Rhythmic Grid: Brutalist Mechatronic Sound-sculpture	10.26686/wgtn.17014760
cites 5–9 archive entries	0.1776		7	2020	The impact of scaling the production of a new interface for musical expression on its design	10.1145/3411109.3411110
cites 5–9 archive entries	0.1996		7	2023	Digital Musical Instruments in Special Educational Needs Schools: Requirements from the Music Teachers’ Perspective and the Status Quo in Germany	10.1145/3616015
cites 5–9 archive entries	0.2454		7	2022	Democratizing access to collaborative music making over the network using air instruments	10.1145/3561212.3561227
cites 5–9 archive entries	0.1547		7	2018	Network Music and the Algorithmic Ensemble	10.1093/oxfordhb/9780190226992.013.7
cites 5–9 archive entries	0.1505		7	2014	A Zoomable Mapping of a Musical Parameter Space Using Hilbert Curves	10.1162/comj_a_00254
cites 5–9 archive entries	0.132		7	2021	Musical Control Gestures in Mobile Handheld Devices: Design Guidelines Informed by Daily User Experience	10.3390/mti5070032
cites 5–9 archive entries	0.1858		7	2024	Entangled Internet of Musical Things and People: A More-Than-Human Design Framework for Networked Musical Ecosystems	10.1109/tts.2024.3443540
cites 5–9 archive entries	0.2115		7	2019	Sound Forest	10.1145/3290605.3300907
cites 5–9 archive entries	0.2481		7	2018	Smart Mandolin	10.1145/3243274.3243280
cites 5–9 archive entries	0.2299		7	2019	A Multi-Channel Embedded DSP Closed-Loop Control System for Musical Robots	10.1109/iros40897.2019.8967687
cites 5–9 archive entries	0.1934		7	2021	Surveying digital musical instrument use in active practice	10.1080/09298215.2022.2029912
cites 5–9 archive entries	0.191		7	2014	Generative Music for Live Performance: Experiences with real-time notation	10.1017/s1355771814000260
cites 5–9 archive entries	0.1569		7	2025	Performance Practice of Interactive Music for Clarinet and Computer with an Examination of Five Works by American Composers	10.12794/metadc33219
cites 5–9 archive entries	0.0		7	2019	ARCAA	10.1145/3359852.3359870
cites 5–9 archive entries	0.28		7	2014	Scenography of immersive virtual musical instruments	10.1109/sive.2014.7006285
cites 5–9 archive entries	0.1459		7	2008	Haptic Interaction Design for Everyday Interfaces	10.1518/155723408x342826
cites 5–9 archive entries	0.1255		7	2023	Keyboard-type optical fiber musical interface	10.1117/1.oe.63.1.016101
cites 5–9 archive entries	0.2591		7	2024	Selection as Tapping: An evaluation of 3D input techniques for timing tasks in musical Virtual Reality	10.1016/j.ijhcs.2024.103231
cites 5–9 archive entries	0.4335		7	2018	Design of Vibrotactile Feedback and Stimulation for Music Performance	10.1007/978-3-319-58316-7_10
cites 5–9 archive entries	0.0		7	2017	Telesaxophone	10.1145/3127942.3127955
cites 5–9 archive entries	0.3876		7	2018	Digital Sensing of Musical Instruments	10.1007/978-3-662-55004-5_46
cites 5–9 archive entries	0.3335		7	2011	Multimodal Techniques for Human/Robot Interaction	10.1007/978-3-642-22291-7_13
cites 5–9 archive entries	0.2705		7	2017	Musical Instruments, Body Movement, Space, and Motion Data: Music as an Emergent Multimodal Choreography	10.17011/ht/urn.201705272518
cites 5–9 archive entries	0.2185		7	2013	Video Analysis for Evaluating Music Interaction: Musical Tabletops	10.1007/978-1-4471-2990-5_14
cites 5–9 archive entries	0.1651		7	2021	Surface Electromyography for Sensing Performance Intention and Musical Imagery in Vocalists	10.1145/3430524.3440641
cites 5–9 archive entries	0.1987		7	2023	Augmenting musical instruments with digital identities	10.1080/09298215.2024.2423613
cites 5–9 archive entries	0.1913		7	2024	A Networking Framework and Mobile Node Controller for Sound Diffusion with Audience Participation	10.1162/comj_a_00712
cites 5–9 archive entries	0.1522		7	2011	Social Composition: Musical Data Systems for Expressive Mobile Music	10.1162/lmj_a_00062
cites 5–9 archive entries	0.17		7	2021	The development of a dance-musification model with the use of machine learning techniques under COVID-19 restrictions	10.1145/3478384.3478407
cites 5–9 archive entries	0.2182		7	2025	Sprayable Sound: Exploring the Experiential and Design Potential of Physically Spraying Sound Interaction	10.1145/3706598.3713786
cites 5–9 archive entries	0.2364		7	2022	Identifying Engagement in Children’s Interaction whilst Composing Digital Music at Home	10.1145/3527927.3532794
cites 5–9 archive entries	0.1619		7	2024	Prototyping a Sustainable GUI for an IoMusT Project: A Reflection on Adopting Sustainable Practices *	10.1109/is262782.2024.10704195
cites 5–9 archive entries	0.274		7	2026	ReTouche: Embodied Representations for Self-Guided Piano Learning	10.1145/3772318.3791044
cites 5–9 archive entries	0.2554		7	2024	An Electronic Engineering Approach for Turning a Lego Brick Piano into a Musical Instrument	10.1109/access.2024.3386361
cites 5–9 archive entries	0.139		7	2024	Feminist HCI and narratives of design semantics in DIY music hardware	10.3389/fcomm.2023.1345124
cites 5–9 archive entries	0.3796		7	2022	An FCNN-Based Super-Resolution Mmwave Radar Framework for Contactless Musical Instrument Interface	10.1109/tmm.2021.3079695
cites 5–9 archive entries	0.1832		7	2023	The Body as Sound: Unpacking Vocal Embodiment through Auditory Biofeedback	10.1145/3569009.3572738
cites 5–9 archive entries	0.148		7	2026	To Perform/ To Live: Decolonizing of Digital Music Instruments and Feminism with Human-AI Co-Created Embodied Experience of Daily Objects	10.1145/3816078
below the closeness bar	0.1641	6		2002	Pikapika – the collaborative composition of an interactive sonic character	10.1017/s1355771802003023
below the closeness bar	0.1572	6		1992	On Vibration Sensation and Finger Touch in Stringed Instrument Playing	10.2307/40285555
below the closeness bar	0.1953	6		1999	Design: Cultural probes	10.1145/291224.291235
below the closeness bar	0.11	6		1987	Flocks, herds and schools: A distributed behavioral model	10.1145/37402.37406
below the closeness bar	0.0	6		1997	Spectromorphology: explaining sound-shapes	10.1017/s1355771897009059
below the closeness bar	0.1809	6		2005	Sensorimotor synchronization: A review of the tapping literature	10.3758/bf03206433
below the closeness bar	0.1347	6		2007	Visual Perception of Expressiveness in Musicians' Body Movements	10.1525/mp.2007.24.5.433
below the closeness bar	0.1423	6		2011	The Timbre Toolbox: Extracting audio descriptors from musical signals	10.1121/1.3642604
below the closeness bar	0.2102	6		2012	The Social Life of Musical Instruments	10.5406/ethnomusicology.56.3.0363
below the closeness bar	0.2174	6		2019	The Magic Machine Workshops	10.1145/3290605.3300342
below the closeness bar	0.1743	6		2020	Doing vs. Being: A philosophy of design for artful VR	10.1080/09298215.2019.1705862
below the closeness bar	0.1573	6		2005	The Musical Significance of Clarinetists' Ancillary Gestures: An Exploration of the Field	10.1080/09298210500124208
cites 5–9 archive entries	0.2958		6	2007	The reacTable	10.1145/1226969.1226998
cites 5–9 archive entries	0.2783		6	2006	Discrete-time modelling of musical instruments	10.1088/0034-4885/69/1/r01
cites 5–9 archive entries	0.2794		6	2021	Exploring a Taxonomy of Interaction in Interactive Sonification Systems	10.1007/978-3-030-55307-4_22
cites 5–9 archive entries	0.2504		6	2019	Detecting and Adapting to Users’ Cognitive and Affective State to Develop Intelligent Musical Interfaces	10.1007/978-3-319-92069-6_11
cites 5–9 archive entries	0.5607		6	2017	On Biophysical Music	10.1007/978-3-319-49881-2_3
cites 5–9 archive entries	0.1315		6	2024	Laban Effort in Empty-Handed Interactions of Hindustani Dhrupad Vocal Improvisation	10.3390/arts13060177
cites 5–9 archive entries	0.3163		6	2017	Prynth: A Framework for Self-contained Digital Music Instruments	10.1007/978-3-319-67738-5_22
cites 5–9 archive entries	0.3695		6	2018	Implementation and Characterization of Vibrotactile Interfaces	10.1007/978-3-319-58316-7_13
cites 5–9 archive entries	0.1805		6	2019	Design and Application of the BiVib Audio-Tactile Piano Sample Library	10.3390/app9050914
cites 5–9 archive entries	0.1622		6	2025	Approaches to notation for embodied engagement with a novel neural network-based musical instrument	10.3389/fcomp.2025.1597806
cites 5–9 archive entries	0.2432		6	2012	Interactive sonification of synchronisation of motoric behaviour in social active listening to music with mobile devices	10.1007/s12193-011-0079-z
cites 5–9 archive entries	0.158		6	2024	Musical Applications of Electromagnetic Field Sensing	10.1162/comj.a.15
cites 5–9 archive entries	0.3431		6	2011	Musical Robots and Interactive Multimodal Systems	10.1007/978-3-642-22291-7
cites 5–9 archive entries	0.1559		6	2008	Formalized and Non-formalized Expression in Musical Interfaces	10.1007/978-3-540-79486-8_29
cites 5–9 archive entries	0.3466		6	2017	Issues and Strategies of Rhythmicality for MotionComposer	10.1145/3077981.3078038
cites 5–9 archive entries	0.2641		6	2024	Embodied exploration of deep latent spaces in interactive dance-music performance	10.1145/3658852.3659072
cites 5–9 archive entries	0.2409		6	2004	Methodologies for Expressiveness Modelling of and for Music Performance	10.1080/0929821042000317796
cites 5–9 archive entries	0.2486		6	2015	An interactive audio-visual installation using ubiquitous hardware and web-based software deployment	10.7717/peerj-cs.5
cites 5–9 archive entries	0.1631		6	2020	Interactive sound art and animated notation as an ensemble performance platform in primary level music education	10.24834/educare.2020.1.4
cites 5–9 archive entries	0.1788		6	2013	Designing collaborative musical experiences for broad audiences	10.1145/2466627.2466633
cites 5–9 archive entries	0.3006		6	2026	AUGI: Multimodal Gestural and Tactile Control for Acoustic Wind and Brass Instruments	10.1145/3776574.3832534
cites 5–9 archive entries	0.1763		6	2025	It Sounds Squishy: Understanding Cross-Modal Correspondences of Deformable Shapes and Sounds	10.1145/3715336.3735797
cites 5–9 archive entries	0.2493		6	2024	How Do Aesthetics Get into Muscles and Muscles into Aesthetics? Insights from Musical Interactions in an Experimental Context	10.1080/10407413.2024.2355881
cites 5–9 archive entries	0.1492		6	2022	Exploring visual stimuli as a support for novices’ creative engagement with digital musical interfaces	10.1007/s12193-022-00393-3
cites 5–9 archive entries	0.172		6	2020	On making physical the control of audio plugins	10.1145/3411109.3411114
cites 5–9 archive entries	0.1903		6	2021	Musical agency and an ecological perspective of DMIs: collective embodiment in third wave HCI	10.1007/s00779-020-01429-9
cites 5–9 archive entries	0.0		6	2020	Useless, not Worthless	10.1145/3357236.3395547
cites 5–9 archive entries	0.1995		6	2019	An ubiquitous smart guitar system for collaborative musical practice	10.1080/09298215.2019.1637439
cites 5–9 archive entries	0.2148		6	2017	Adapting the Bass Guitar for One-Handed Playing	10.1080/09298215.2017.1340485
cites 5–9 archive entries	0.1737		6	2013	Electro/Acoustic Improvisation and Deeply Listening Machines	10.1080/09298215.2013.860465
cites 5–9 archive entries	0.2952		6	2010	Tailoring tabletop interfaces for musical control	10.1145/1936652.1936751
cites 5–9 archive entries	0.1782		6	2014	Rethinking the musical ensemble: A model for collaborative learning in higher education music technology	10.1386/jmte.7.3.279_1
cites 5–9 archive entries	0.2662		6	2009	Dynamic Social Interaction in a Collective Mobile Music Performance	10.1109/cse.2009.116
cites 5–9 archive entries	0.297		6	2007	The interactive robotic percussionist	10.1145/1228716.1228730
cites 5–9 archive entries	0.303		6	2017	Water, image, gesture and sound: composing and performing an interactive audiovisual work	10.1080/14626268.2017.1353524
cites 5–9 archive entries	0.2106		6	2014	Methods and Prospects for Human–Computer Performance of Popular Music	10.1162/comj_a_00238
cites 5–9 archive entries	0.1439		6	2024	Improvising with Machines: A taxonomy of musical interactions	10.1017/s1355771824000268
cites 5–9 archive entries	0.4201		6	2011	Interactive Musical System for Multimodal Musician-Humanoid Interaction	10.1007/978-3-642-22291-7_15
cites 5–9 archive entries	0.1572		6	2020	Evaluation of Inertial Sensor Data by a Comparison with Optical Motion Capture Data of Guitar Strumming Gestures	10.3390/s20195722
cites 5–9 archive entries	0.0		6	2007	CaMus 2	10.1145/1255047.1255086
cites 5–9 archive entries	0.309		6	2018	Gestural systems for the voice: performance approaches and repertoire	10.1080/14626268.2018.1541181
cites 5–9 archive entries	0.3127		6	2026	Embodied Musical Interaction through Everyday Objects	10.1145/3803784.3816825
cites 5–9 archive entries	0.1893		6	2015	A journey towards the development of a sound-led interdisciplinary performance:Agorá	10.1080/14794713.2014.992220
cites 5–9 archive entries	0.3033		6	2015	Haptic and Visual feedback in 3D Audio Mixing Interfaces	10.1145/2814895.2814918
cites 5–9 archive entries	0.2214		6	2024	Designing accessible digital musical instruments for special educational needs schools—A social-ecological design framework	10.1016/j.ijcci.2024.100666
cites 5–9 archive entries	0.2592		6	2014	Evaluating computer-based musical instruments from the perspective of listening	10.1145/2636879.2636900
cites 5–9 archive entries	0.1986		6	2021	Netychords: An Accessible Digital Musical Instrument for Playing Chords using Gaze and Head Movements	10.5220/0010689200003060
cites 5–9 archive entries	0.5011		6	2017	2004: The Electronic Sitar Controller	10.1007/978-3-319-47214-0_10
cites 5–9 archive entries	0.252		6	2015	Lutherie virtuelle et interaction instrumentale. Une approche physique de l'instrument de musique numérique	10.3166/ts.32.391-416
cites 5–9 archive entries	0.3736		6	2026	Un langage de programmation pour composer l'interaction musicale : la gestion du temps et des événements dans Antescofo	10.70675/5359b263zd034z46e9zb90az608bce3dcda3
cites 5–9 archive entries	0.3877		6	2018	Composing and Improvising. In Real Time	10.1007/978-3-030-01692-0_29
cites 5–9 archive entries	0.2507		6	2015	Drumkit simulator from everyday desktop objects	10.1007/s11042-014-2159-z
cites 5–9 archive entries	0.1535		6	2017	The Sonic Affordances of a System for Multitouch Manipulation of Stereophonic Noise Spectra	10.1162/comj_a_00438
cites 5–9 archive entries	0.3523		6	2020	The Study of Mapping Strategies Between the Excitators of the Single-Reed Woodwind and the Bowed String	10.1007/978-981-15-2756-2_9
cites 5–9 archive entries	0.1759		6	2023	Feel the Music!—Audience Experiences of Audio–Tactile Feedback in a Novel Virtual Reality Volumetric Music Video	10.3390/arts12040156
cites 5–9 archive entries	0.3628		6	2021	Designing Digital Musical Instruments	10.1145/3468002.3468238
cites 5–9 archive entries	0.1596		6	2024	Extending Networked Mapping Research Middleware into the Browser Sandbox	10.1109/is262782.2024.10704162
cites 5–9 archive entries	0.2017		6	2023	FAUSTMapper: Facilitating Complex Mappings for Smart Musical Instruments.	10.1109/ieeeconf59510.2023.10335404
cites 5–9 archive entries	0.0		6	2014	SonicExplorer	10.1145/2556288.2557206
cites 5–9 archive entries	0.4054		6	2013	mConduct: A Multi-sensor Interface for the Capture and Analysis of Conducting Gesture	10.1007/978-1-4471-5406-8_11
cites 5–9 archive entries	0.3426		6	2017	2005: The Overtone Violin	10.1007/978-3-319-47214-0_15
cites 5–9 archive entries	0.1669		6	2021	The Jam Station: Gamifying Collaborative Musical Experiences Through Algorithmic Assessment	10.1145/3430524.3442466
cites 5–9 archive entries	0.1538		6	2016	Resistive flex sensors: a survey	10.1088/0964-1726/25/1/013001
cites 5–9 archive entries	0.147		6	2009	Softly Elastic 6 DOF Input	10.1080/10447310902964124
cites 5–9 archive entries	0.3344		6	2003	Motor Behavior Models for Human-Computer Interaction	10.1016/b978-155860808-5/50003-4
cites 5–9 archive entries	0.2225		6	2017	Who Controls Who? Embodied Control Within Human–Technology Choreographies	10.1093/iwc/iww040
cites 5–9 archive entries	0.1357		6	2006	Localization on the pushpin computing sensor network using spectral graph drawing and mesh relaxation	10.1145/1119759.1119760
cites 5–9 archive entries	0.1871		6	2021	Borrowed Gestures: The Body as an Extension of the Musical Instrument	10.1162/comj_a_00617
cites 5–9 archive entries	0.3325		6	2016	Dr. Saxophone: Hybrid saxophone interface	10.1109/icsai.2016.7811124
cites 5–9 archive entries	0.1685		6	2010	Leveraging behavioral models of sounding objects forgesture-controlled sound design	10.1145/1935701.1935750
cites 5–9 archive entries	0.1519		6	2024	Sonic Entanglements with Electromyography: Between Bodies, Signals, and Representations	10.1145/3643834.3661572
cites 5–9 archive entries	0.1712		6	2005	Preservation and extension of traditional techniques:Digitizing North Indian performance	10.1080/09298210500280554
cites 5–9 archive entries	0.4646		6	2011	A Virtual Reality Dance Training System Using Motion Capture Technology	10.1109/tlt.2010.27
cites 5–9 archive entries	0.1765		6	2013	Trumpet Augmentation and Technological Symbiosis	10.1162/comj_a_00185
cites 5–9 archive entries	0.2004		6	2024	“It Takes Two” - Shared and Collaborative Virtual Musical Instruments in the Musical Metaverse	10.1109/is262782.2024.10704079
cites 5–9 archive entries	0.2731		6	2013	Computer Musicking: HCI, CSCW and Collaborative Digital Musical Interaction	10.1007/978-1-4471-2990-5_11
cites 5–9 archive entries	0.3413		6	2015	Contrôle gestuel de la synthèse vocale. Les instruments Cantor Digitalis et Digitartic	10.3166/ts.32.417-442
cites 5–9 archive entries	0.3739		6	2011	ToCoPlay: Graphical Multi-touch Interaction for Composing and Playing Music	10.1007/978-3-642-23765-2_22
cites 5–9 archive entries	0.2487		6	2024	Dance Movement and Sound Cross-Correlation; Synthesis Parameters on the Micro and Meso Musical Time Scales	10.1145/3678299.3678361
cites 5–9 archive entries	0.1836		6	2018	Adapting the SoundThimble Movement Sonification System for Young Motion-impaired Users	10.1109/iccp.2018.8516435
cites 5–9 archive entries	0.209		6	2014	In-House Development of Paper Force Sensors for Musical Applications	10.1162/comj_a_00237
cites 5–9 archive entries	0.3119		6	2018	Use the Force: Incorporating Touch Force Sensors into Mobile Music Interaction	10.1007/978-3-030-01692-0_38
cites 5–9 archive entries	0.3811		6	2019	An Intuitive Interface for Digital Synthesizer by Pseudo-intention Learning	10.1145/3356590.3356598
cites 5–9 archive entries	0.2666		6	2016	Wireless Communication Standards for Multimedia Applications	10.1007/978-981-10-0335-6_4
cites 5–9 archive entries	0.178		6	2017	Facilitating the Musician's Engagement with New Musical Interfaces: Counteractions in Music Performance	10.1162/comj_a_00413
cites 5–9 archive entries	0.2511		6	2021	Body Data for Music Information Retrieval Tasks	10.1007/978-3-030-66450-3_10
cites 5–9 archive entries	0.1969		6	2014	Development of a Gesture Learning Environment for Novices’ Erhu Bow Strokes	10.1016/j.procs.2014.08.171
cites 5–9 archive entries	0.1888		6	2023	PressurePick: Muscle Tension Estimation for Guitar Players Using Unobtrusive Pressure Sensing	10.1145/3586183.3606742
cites 5–9 archive entries	0.2527		6	2015	Using affective and behavioural sensors to explore aspects of collaborative music making	10.1016/j.ijhcs.2015.05.002
cites 5–9 archive entries	0.3172		6	2021	StringTouch - From String Instruments towards new Interface Morphologies	10.1145/3430524.3440628
cites 5–9 archive entries	0.2164		6	2013	The Wiikembe &amp;#x2014; performer designed lamellophone hyperinstrument for idiomatic musical-DSP interaction	10.1109/pacrim.2013.6625512
cites 5–9 archive entries	0.2993		6	2025	Developing a 3D interface for sound corpus manipulation in virtual environments	10.1109/vrw66409.2025.00133
cites 5–9 archive entries	0.2365		6	2026	Picnic: Playful Music-Making with Everyday Objects and Machine Learning	10.1145/3802974.3808034
cites 5–9 archive entries	0.2306		6	2017	Biosignal Augmented Embodied Performance	10.1145/3123514.3123547
cites 5–9 archive entries	0.1822		6	2024	Resonance: Collaborative Musicking Through Tactile Ecologies	10.1145/3623509.3634898
cites 5–9 archive entries	0.3243		6	2022	Hardware Design and Development of Contactless Sensor System for Piano Playing	10.1007/978-3-030-74540-0_8
cites 5–9 archive entries	0.2468		6	2026	SlimeUI: Exploring Non-Newtonian Fluid as a Deformable Interface for Digital Musical Expression	10.1145/3802974.3808030
cites 5–9 archive entries	0.1239		6	2021	Retaining pianistic virtuosity in #MIs	10.4324/9780429345388-11
cites 5–9 archive entries	0.2021		6	2024	Musicking with dynamical systems: introducing a digitally-controlled analog no-input mixer	10.1145/3678299.3678302
cites 5–9 archive entries	0.3041		6	2015	Learning Visual Programming by Creating a Walkable Interactive Installation	10.1145/2814895.2814914
cites 5–9 archive entries	0.2057		6	2019	TumTá and Pisada: Two Foot-controlled Digital Dance and Music Instruments Inspired by Popular Brazillian Traditions	10.5753/sbcm.2019.10426
cites 5–9 archive entries	0.171		6	2025	Tacit engagement and digital musical instruments: longitudinal work with the Resonant Object Interface, the Floors, and the Table Floors	10.1007/s00146-024-02148-y
cites 5–9 archive entries	0.2491		6	2025	An Interactive Self-Assembly Swarm Music System in Extended Reality	10.1145/3771594.3771620
below the closeness bar	0.1854	5		2006	Playing “Air Instruments”: Mimicry of Sound-Producing Gestures by Novices and Experts	10.1007/11678816_29
below the closeness bar	0.1443	5		1998	Plucked-String Models: From the Karplus-Strong Algorithm to Digital Waveguides and beyond	10.2307/3681155
below the closeness bar	0.1361	5		2006	Gestural-Sonorous Objects: embodied extensions of Schaeffer's conceptual apparatus	10.1017/s1355771806001439
below the closeness bar	0.1299	5		2004	David Tudor's Rainforest: An Evolving Exploration of Resonance	10.1162/0961121043067415
below the closeness bar	0.1704	5		2010	Rethinking the BEAST: Recent developments in multichannel composition at Birmingham ElectroAcoustic Sound Theatre	10.1017/s1355771810000312
below the closeness bar	0.2136	5		1989	A Thousand Plateaus: Capitalism and Schizophrenia	10.2307/203963
below the closeness bar	0.1673	5		2015	Understanding Gesture Expressivity through Muscle Sensing	10.1145/2687922
below the closeness bar	0.1686	5		1993	Acoustic control by wave field synthesis	10.1121/1.405852
below the closeness bar	0.1855	5		2016	Effect of latency on performer interaction and subjective quality assessment of a digital musical instrument	10.1145/2986416.2986428
below the closeness bar	0.2209	5		2016	Gender, Creativity and Education in Digital Musics and Sound Art	10.1080/07494467.2016.1177255
below the closeness bar	0.1597	5		2009	The Blippoo Box: A Chaotic Electronic Music Instrument, Bent by Design	10.1162/lmj.2009.19.35
below the closeness bar	0.159	5		2000	E-broidery: Design and fabrication of textile-based computing	10.1147/sj.393.0840
below the closeness bar	0.1698	5		2016	Designing New Musical Interfaces as Research: What’s the Problem?	10.1162/leon_a_01118
below the closeness bar	0.1733	5		2019	Nonlinear dynamical processes in musical interactions: Investigating the role of nonlinear dynamics in supporting surprise and exploration in interactions with digital musical instruments	10.1016/j.ijhcs.2019.02.008
below the closeness bar	0.2038	5		2022	Embedded AI for NIME: Challenges and Opportunities	10.21428/92fbeb44.76beab02
below the closeness bar	0.1673	5		2022	Making space for material entanglements: A diffractive analysis of woodwork and the practice of making an interactive system	10.1145/3532106.3533572
below the closeness bar	0.2094	5		2023	Musical Metaverse Playgrounds: exploring the design of shared virtual sonic experiences on web browsers	10.1109/ieeeconf59510.2023.10335297
below the closeness bar	0.1483	5		2022	Cocreative Interaction: Somax2 and the REACH Project	10.1162/comj_a_00662
below the closeness bar	0.1826	5		2022	Thematic Analysis: A Practical Guide	10.53841/bpsqmip.2022.1.33.46
below the closeness bar	0.1862	5		2025	Of altered instrumental relations: a practice-led inquiry into agency through musical performance with neural audio synthesis and violin	10.3389/fcomp.2025.1578595
below the closeness bar	0.1111	5		2010	For a Relational Musicology: Music and Interdisciplinarity, Beyond the Practice Turn	10.1080/02690403.2010.506265
below the closeness bar	0.1488	5		2006	Group creativity: musical performance and collaboration	10.1177/0305735606061850
below the closeness bar	0.2089	5		2011	Algorithms as Scores: Coding Live Music	10.1162/lmj_a_00056
below the closeness bar	0.2217	5		2015	librosa: Audio and Music Signal Analysis in Python	10.25080/majora-7b98e3ed-003
below the closeness bar	0.119	5		1990	Technology and the Lifeworld	10.2979/3108.0
below the closeness bar	0.2051	5		1954	The information capacity of the human motor system in controlling the amplitude of movement.	10.1037/h0055392
below the closeness bar	0.1567	5		2013	Mutual engagement and collocation with shared representations	10.1016/j.ijhcs.2012.02.004
below the closeness bar	0.1801	5		2017	The Merging of Musician and Musical Instrument	10.4324/9781315621364-6
cites 5–9 archive entries	0.3768		5	2020	Haptic and audio interaction design	10.1007/s12193-020-00344-w
cites 5–9 archive entries	0.188		5	2017	Creature:interactions	10.1145/3072940.3072965
cites 5–9 archive entries	0.256		5	2014	Creative Control of Granular Synthesis Using Fluid Simulation &amp; Motion Tracking	10.1145/2617995.2618022
cites 5–9 archive entries	0.1945		5	2017	Physical Intentions: Exploring Michel Waisvisz’s The Hands (Movement 1)	10.1017/s1355771817000450
cites 5–9 archive entries	0.1505		5	2018	The Anthropomorphic Analogy: Humanising musical machines in the early modern and contemporary eras	10.1017/s1355771818000043
cites 5–9 archive entries	0.2678		5	2013	New Musical Instrument Design Considerations	10.1109/mmul.2013.60
cites 5–9 archive entries	0.3086		5	1996	Electronic musical re-performance and editing system	10.1121/1.415967
cites 5–9 archive entries	0.1503		5	2024	A Phenomenological Approach to Wearable Technologies and Viscerality: From embodied interaction to biophysical music performance	10.1017/s1355771823000286
cites 5–9 archive entries	0.231		5	2018	BCI for Music Making	10.1201/9781351231954-10
cites 5–9 archive entries	0.1962		5	2007	Electronic Musical Instruments: Experiences of a New Luthier	10.1162/lmj.2007.17.9
cites 5–9 archive entries	0.2462		5	2014	On Mapping EEG Information into Music	10.1007/978-1-4471-6584-2_10
cites 5–9 archive entries	0.1851		5	2012	Imposing a Networked Vibrotactile Communication System for Improvisational Suggestion	10.1017/s1355771811000495
cites 5–9 archive entries	0.3338		5	2011	Multidimensional gesture sensing at the piano keyboard	10.1145/1978942.1979355
cites 5–9 archive entries	0.132		5	2017	Finding Common Ground	10.1145/3025453.3025808
cites 5–9 archive entries	0.2678		5	2008	Sensor Architectures for Interactive Environments	10.1007/978-0-387-46264-6_16
cites 5–9 archive entries	0.1966		5	2018	Synesthetic music experience communicator	10.31274/rtd-180813-4872
cites 5–9 archive entries	0.231		5	2019	New Interfaces for Classifying Performance Gestures in Music	10.1007/978-3-030-33617-2_4
cites 5–9 archive entries	0.1641		5	2015	Using Strange Attractors to Control Sound Processing in Live Electroacoustic Composition	10.1162/comj_a_00313
cites 5–9 archive entries	0.1931		5	2005	Local Performance Networks: musical interdependency through gestures and controllers	10.1017/s1355771805000993
cites 5–9 archive entries	0.177		5	2024	Beginnings and endings—dance phrase edges in an interactive dance study	10.1007/s00779-024-01817-5
cites 5–9 archive entries	0.2868		5	2015	Music means movement	10.1145/2790994.2791001
cites 5–9 archive entries	0.1825		5	2014	Camera-Based Motion Tracking and Performing Arts for Persons with Motor Disabilities and Autism	10.4018/978-1-4666-4442-7.ch009
cites 5–9 archive entries	0.182		5	2019	Prototyping Web instruments with Mosaicode	10.5753/sbcm.2019.10431
cites 5–9 archive entries	0.1556		5	2007	Alternating from 1 to x and vice versa	10.1145/1291233.1291439
cites 5–9 archive entries	0.2843		5	2004	About the Role of Mapping in Gesture-Controlled Live Computer Music	10.1007/978-3-540-39900-1_19
cites 5–9 archive entries	0.2532		5	2005	Communicating expressiveness and affect in multimodal interactive systems	10.1109/mmul.2005.2
cites 5–9 archive entries	0.2054		5	2024	Co-designing the Collaborative Digital Musical Instruments for Group Music Therapy	10.1145/3613904.3642649
cites 5–9 archive entries	0.0		5	2009	Pendaphonics	10.1145/1517664.1517701
cites 5–9 archive entries	0.1569		5	2021	Real-Time Symbolic Transcription and Interactive Transformation Using a Hexaphonic Nylon-String Guitar	10.1162/comj_a_00625
cites 5–9 archive entries	0.1596		5	2026	A Review of String Instrument Synthesis Methods for Use in Interactive Systems	10.5334/tismir.267
cites 5–9 archive entries	0.1386		5	2026	Inverse and indirect mappings in embodied AI systems in everyday environments	10.3389/fcomp.2025.1603769
cites 5–9 archive entries	0.1252		5	2023	Banging Interaction: A Ubimus-Design Strategy for the Musical Internet	10.3390/fi15040125
cites 5–9 archive entries	0.2029		5	2021	Ubiquitous Music-Making Systems: A Critical Overview of Current Practices	10.1145/3478384.3478391
cites 5–9 archive entries	0.1482		5	2019	The Role of Nonlinear Dynamics in Musicians' Interactions with Digital and Acoustic Musical Instruments	10.1162/comj_a_00535
cites 5–9 archive entries	0.2078		5	2019	Fun with interfaces (SVG interfaces for musical expression)	10.1145/3331543.3342579
cites 5–9 archive entries	0.2703		5	2011	Convergent Trends Toward Ubiquitous Music	10.1080/09298215.2011.594514
cites 5–9 archive entries	0.2455		5	2006	Performance Evaluation of Vision-Based High DOF Human Movement Tracking: A Survey And Human Computer Interaction Perspective	10.1109/cvprw.2006.157
cites 5–9 archive entries	0.1436		5	2013	Making Acoustic Computer Music: The Rumentarium project	10.1017/s1355771813000216
cites 5–9 archive entries	0.1593		5	2012	Interactive Music 3.0: Empowering People to Participate Musically Inside Nightclubs	10.1007/978-3-642-31980-8_8
cites 5–9 archive entries	0.21		5	2024	Immersive Io3MT Environments: Design Guidelines, Use Cases and Future Directions	10.1109/is262782.2024.10704141
cites 5–9 archive entries	0.3671		5	2023	Intelligent Music Performance Systems: Towards a Design Framework	10.18261/smn.49.1.3
cites 5–9 archive entries	0.2012		5	2018	bf-pd: Enabling Mediated Communication and Cooperation in Improvised Digital Orchestras	10.1007/978-3-030-01692-0_30
cites 5–9 archive entries	0.2243		5	2012	Audio Delivery and Territoriality in Collaborative Digital Musical Interaction	10.14236/ewic/hci2012.12
cites 5–9 archive entries	0.2689		5	2007	The Design of a Perceptual and Improvisational Robotic Marimba Player	10.1109/roman.2007.4415189
cites 5–9 archive entries	0.352		5	2019	Following Orchestra Conductors	10.1145/3347122.3359599
cites 5–9 archive entries	0.1707		5	2023	Playing with Feedback: Unpredictability, Immediacy, and Entangled Agency in the No-input Mixing Desk	10.1145/3544548.3580662
cites 5–9 archive entries	0.1665		5	2024	Music, body, and machine: gesture-based synchronization in human-robot musical interaction	10.3389/frobt.2024.1461615
cites 5–9 archive entries	0.2502		5	2025	The Beatbots: A Musician-Informed Multi-Robot Percussion Quartet	10.1109/hri61500.2025.10973834
cites 5–9 archive entries	0.0		5	2016	SolidNoise	10.1145/2851581.2892539
cites 5–9 archive entries	0.2917		5	2011	Interactive improvisation with a robotic marimba player	10.1007/s10514-011-9237-0
cites 5–9 archive entries	0.3862		5	2020	Introduction	10.1007/978-3-030-38930-7_1
cites 5–9 archive entries	0.1784		5	2019	Algorithmic Spatialization Using Object-Based Audio and Indoor Positioning System	10.1162/lmj_a_01058
cites 5–9 archive entries	0.2447		5	2017	Open Symphony: Creative Participation for Audiences of Live Music Performances	10.1109/mmul.2017.19
cites 5–9 archive entries	0.1924		5	2023	Understanding the musical interaction of children with autism spectrum disorder using elastic display	10.1007/s00779-022-01703-y
cites 5–9 archive entries	0.2143		5	2016	Some Principles of Visual Design for Computer Music	10.1162/lmj_a_00960
cites 5–9 archive entries	0.2244		5	2024	"Different and Boundary-Pushing:" How Blind and Low Vision Youth Live Code Together	10.1145/3635636.3656200
cites 5–9 archive entries	0.2397		5	2021	A Comparison of Real-Time Linux-Based Architectures for Embedded Musical Applications	10.17743/jaes.2021.0052
cites 5–9 archive entries	0.2487		5	2022	Finding Music in Chaos: Designing and Composing with Virtual Instruments Inspired by Chaotic Equations	10.31390/gradschool_dissertations.5177
cites 5–9 archive entries	0.1922		5	2024	Multiple Musical Skills Framework for Robotic Musicianship	10.1088/1757-899x/1321/1/012015
cites 5–9 archive entries	0.0		5	2015	The StringPhone	10.1145/2814895.2814916
cites 5–9 archive entries	0.0		5	2012	6to6Mappr	10.1145/2371456.2371475
cites 5–9 archive entries	0.1465		5	2019	Improving networked music performance systems using application‐network collaboration	10.1002/cpe.4730
cites 5–9 archive entries	0.3448		5	2016	Music and HCI	10.1145/2851581.2856479
cites 5–9 archive entries	0.1706		5	2020	ScreenPlay: A topic-theory-inspired interactive system	10.1017/s1355771819000499
cites 5–9 archive entries	0.1269		5	2020	From 8-bit punk to 8-bit avant-garde	10.1145/3411109.3411148
cites 5–9 archive entries	0.1557		5	2020	Exploring the motivations for building new digital musical instruments	10.1177/1029864918802983
cites 5–9 archive entries	0.1766		5	2018	Co-design of a Smart Cajón	10.17743/jaes.2018.0007
cites 5–9 archive entries	0.4578		5	2018	Understanding media multiplicities	10.1016/j.entcom.2017.11.001
cites 5–9 archive entries	0.2229		5	2017	Interfacing Sound: Visual Representation of Sound in Musical Software Instruments	10.1007/978-981-10-2951-6_11
cites 5–9 archive entries	0.1684		5	2015	Wireless Body-worn Sound System for Dance and Music Performance	10.1017/s1355771815000278
cites 5–9 archive entries	0.0		5	2015	Trajectoires	10.1145/2820619.2820624
cites 5–9 archive entries	0.3		5	2018	A Functional Analysis of Haptic Feedback in Digital Musical Instrument Interactions	10.1007/978-3-319-58316-7_6
cites 5–9 archive entries	0.0		5	2017	The Hyper-Mandolin	10.1145/3123514.3123539
cites 5–9 archive entries	0.5149		5	2016	The EyeHarp: A Gaze-Controlled Digital Musical Instrument	10.3389/fpsyg.2016.00906
cites 5–9 archive entries	0.2919		5	2018	Computers Helping People with Special Needs	10.1007/978-3-319-94274-2
cites 5–9 archive entries	0.2907		5	2019	Co-Design of Musical Haptic Wearables for Electronic Music Performer's Communication	10.1109/thms.2018.2885408
cites 5–9 archive entries	0.2315		5	2012	Dance-the-Music: an educational platform for the modeling, recognition and audiovisual monitoring of dance steps using spatiotemporal motion templates	10.1186/1687-6180-2012-35
cites 5–9 archive entries	0.1522		5	2018	Materiality in Sound Art	10.1017/s1355771818000134
cites 5–9 archive entries	0.1777		5	2017	Integrating the Cognitive with the Physical: Musical Path Planning for an Improvising Robot	10.1609/aaai.v31i1.11158
cites 5–9 archive entries	0.0		5	2015	The Kitsch-Instrument	10.1145/2677199.2680593
cites 5–9 archive entries	0.1813		5	2025	Diffractive Constellations: Activating Human-Machine Co-Creation in Violin Performance through Embedded Modular Coding	10.1145/3698061.3726942
cites 5–9 archive entries	0.3113		5	2019	Instruments of Articulation	10.1145/3347122.3347133
cites 5–9 archive entries	0.1559		5	2018	Gesture-controlled musical performance: from movement awareness to mastery	10.1080/14794713.2017.1419801
cites 5–9 archive entries	0.2714		5	2013	Collaborative music making as &amp;#x2018;remediated&amp;#x2019; practice	10.1109/icdsp.2013.6622733
cites 5–9 archive entries	0.1452		5	2017	Experiencing Responsive Technology in a Mixed Work: Interactive music as embodied and situated activity	10.1017/s1355771817000425
cites 5–9 archive entries	0.5389		5	2018	Posthuman Gesture	10.1145/3212721.3212807
cites 5–9 archive entries	0.2205		5	2019	Playsound.space: Improvising in the browser with semantic sound objects	10.1080/09298215.2019.1649433
cites 5–9 archive entries	0.1771		5	2013	‘Click, Play and Save’: The iGamelan as a Tool for Music-culture Sustainability	10.1080/08145857.2013.844497
cites 5–9 archive entries	0.0		5	2010	MagiMusic	10.1145/1935701.1935749
cites 5–9 archive entries	0.1894		5	2013	Anthropomorphic Musical Robots Designed to Produce Physically Embodied Expressive Performances of Music	10.1007/978-1-4471-4123-5_9
cites 5–9 archive entries	0.3741		5	2014	Intonaspacio: A Digital Musical Instrument for Exploring Site-Specificities in Sound	10.1007/978-3-319-12976-1_24
cites 5–9 archive entries	0.1663		5	2023	From Site-Specific Sampling to Gamification: An exploration of performative engagement with the environment	10.1017/s1355771823000547
cites 5–9 archive entries	0.2709		5	2014	Human performance of computational sound models for immersive environments	10.3366/sound.2014.0059
cites 5–9 archive entries	0.2089		5	2012	Using Narrative Analysis to Map the Control Parameters of Enhanced Operatic Singing	10.1080/09298215.2011.647822
cites 5–9 archive entries	0.1576		5	2025	Guaranteeing Equitable Musical Collaboration: Lessons Learned from the Music-Making Activities in Mixed-Hearing Groups	10.1145/3711113
cites 5–9 archive entries	0.3206		5	2020	Designing interactive sonic artefacts for dance performance	10.1145/3411109.3412297
cites 5–9 archive entries	0.3308		5	2019	Signal Processing as Practice	10.1145/3325480.3326551
cites 5–9 archive entries	0.1672		5	2022	Idiosyncratic Audio Feedback Networks for Music Creation	10.33871/23179937.2022.10.1.4690
cites 5–9 archive entries	0.2695		5	2018	Towards a Semantic Architecture for the Internet of Musical Things	10.23919/fruct.2018.8587917
cites 5–9 archive entries	0.367		5	2013	Aesthetics and Design for Group Music Improvisation	10.1007/978-3-642-39351-8_40
cites 5–9 archive entries	0.1544		5	2026	Mapping of d.i.y. neural networks’ processing data in audiovisual compositions: digital waste, algorithms’ idiosyncrasies, and transfictionality of data-evoking aesthetics	10.1017/s1355771826101344
cites 5–9 archive entries	0.185		5	2017	Bodily Expression Support for Creative Dance Education by Grasping-Type Musical Interface with Embedded Motion and Grasp Sensors	10.3390/s17051171
cites 5–9 archive entries	0.3354		5	2014	Supporting creative dance performance by grasping-type musical interface	10.1109/robio.2014.7090450
cites 5–9 archive entries	0.2428		5	2007	A malleable control structure for softwired user interfaces	10.1145/1226969.1226980
cites 5–9 archive entries	0.2029		5	2007	Direct-touch vs. mouse input for tabletop displays	10.1145/1240624.1240726
cites 5–9 archive entries	0.1985		5	2018	JamSketch: Improvisation Support System with GA-Based Melody Creation from User’s Drawing	10.1007/978-3-030-01692-0_34
cites 5–9 archive entries	0.4234		5	2009	Gesture Control of Sound Spatialization for Live Musical Performance	10.1007/978-3-540-92865-2_25
cites 5–9 archive entries	0.1845		5	2016	Comparing the Timing of Movement Events for Air-Drumming Gestures	10.1007/978-3-319-46282-0_1
cites 5–9 archive entries	0.2595		5	2018	The MSCI Platform: A Framework for the Design and Simulation of Multisensory Virtual Musical Instruments	10.1007/978-3-319-58316-7_8
cites 5–9 archive entries	0.1998		5	2023	Musical Live Coding in Relation to Interactivity Variations	10.1017/s1355771823000444
cites 5–9 archive entries	0.1892		5	2023	FM Tone Transfer with Envelope Learning	10.1145/3616195.3616196
cites 5–9 archive entries	0.3004		5	2021	Deep Generative Models for Musical Audio Synthesis	10.1007/978-3-030-72116-9_22
cites 5–9 archive entries	0.2971		5	2017	2003: OpenSound Control: State of the Art 2003	10.1007/978-3-319-47214-0_9
cites 5–9 archive entries	0.274		5	2025	Musical Instruments in Extended Reality: A Systematic Review	10.1080/10447318.2024.2431352
cites 5–9 archive entries	0.171		5	2020	Cinemacraft: exploring fidelity cues in collaborative virtual world interactions	10.1007/s10055-019-00382-0
cites 5–9 archive entries	0.2292		5	2010	Form and Function: Examples of Music Interface Design	10.14236/ewic/hci2010.60
cites 5–9 archive entries	0.1664		5	2024	Using Incongruous Genres to Explore Music Making with AI Generated Content	10.1145/3635636.3656198
cites 5–9 archive entries	0.1782		5	2026	Designing User-Defined Gestures for Tangible Interaction with Cubes for Smart Home Control	10.1145/3800645.3813062
cites 5–9 archive entries	0.1561		5	2011	Annotating Distributed Scores for Mutual Engagement in Daisyphone and Beyond	10.1162/lmj_a_00061
cites 5–9 archive entries	0.2365		5	2024	Development of embodied listening studies with multimodal and wearable haptic interfaces for hearing accessibility in music	10.3389/fcomp.2023.1162758
cites 5–9 archive entries	0.2336		5	2016	Reference Architecture for Self-aware and Self-expressive Computing Systems	10.1007/978-3-319-39675-0_4
cites 5–9 archive entries	0.1589		5	2016	Self-awareness and Self-expression: Inspiration from Psychology	10.1007/978-3-319-39675-0_2
cites 5–9 archive entries	0.2528		5	2010	The LapSlapper - Feel the Beat	10.1007/978-3-642-15841-4_17
cites 5–9 archive entries	0.2727		5	2016	Self-aware Object Tracking in Multi-Camera Networks	10.1007/978-3-319-39675-0_13
cites 5–9 archive entries	0.1562		5	2021	Preserving Hand-Drawn Qualities in Audiovisual Performance Through Sketch-Based Interaction	10.1109/vl/hcc51201.2021.9576315
cites 5–9 archive entries	0.2535		5	2017	Designing for Kinesthetic Awareness	10.1145/3025453.3025714
cites 5–9 archive entries	0.2039		5	2017	Haptics in Music: The Effects of Vibrotactile Stimulus in Low Frequency Auditory Difference Detection Tasks	10.1109/toh.2016.2646370
cites 5–9 archive entries	0.0		5	2007	Rhythmism	10.1145/1255047.1255089
cites 5–9 archive entries	0.2719		5	2015	Collective Sound Checks	10.1145/2677199.2688808
cites 5–9 archive entries	0.2068		5	2023	Semantic Web of Musical Things: Achieving interoperability in the Internet of Musical Things	10.1016/j.websem.2022.100758
cites 5–9 archive entries	0.2578		5	2012	Haptic, Audio, and Visual: Multimodal Distribution for Interactive Games	10.1109/tim.2012.2202071
cites 5–9 archive entries	0.1854		5	2015	The Speckled Cellist : Classification of Cello Bowing Techniques using the Orient Specks	10.4108/eai.28-9-2015.2261477
cites 5–9 archive entries	0.1895		5	2015	Studying the Timing of Discrete Musical Air Gestures	10.1162/comj_a_00298
cites 5–9 archive entries	0.3121		5	2013	DistributeDJ: A Mobile Group Music Making Toolkit	10.1109/icsc.2013.64
cites 5–9 archive entries	0.2998		5	2017	Non-speech voice for sonic interaction: a catalogue	10.1007/s12193-016-0227-6
cites 5–9 archive entries	0.1967		5	2018	Computational Models of Expressive Music Performance: A Comprehensive and Critical Review	10.3389/fdigh.2018.00025
cites 5–9 archive entries	0.2686		5	2018	C Minor: a Semantic Publish/Subscribe Broker for the Internet of Musical Things	10.23919/fruct.2018.8588087
cites 5–9 archive entries	0.1956		5	2022	Using Distributed Techology to Make Music in the Time of the Attention Economy	10.31390/gradschool_dissertations.5576
cites 5–9 archive entries	0.319		5	2021	Musical robot swarms, timing, and equilibria	10.1080/09298215.2021.1910313
cites 5–9 archive entries	0.1946		5	2021	Boris: a Spoken Conversational Agent for Music Production for People with Motor Disabilities	10.1145/3464385.3464713
cites 5–9 archive entries	0.1739		5	2026	Workshopping with radical nails and speculative sound circuits: A brief report	10.12688/openreseurope.21060.1
cites 5–9 archive entries	0.245		5	2025	Interactive Audio Sculpting: Plugin Customization and UI Affordances in Immersive Environments	10.1109/is264627.2025.11284559
cites 5–9 archive entries	0.273		5	2019	An Environment for Gestural Interaction with 3D Virtual Musical Instruments as an Educational Tool	10.23919/eusipco.2019.8902604
cites 5–9 archive entries	0.2517		5	2018	A Web-based Real-Time Kinect Application for Gestural Interaction with Virtual Musical Instruments	10.1145/3243274.3243297
cites 5–9 archive entries	0.5312		5	2019	Piano Genie	10.1145/3301275.3302288
cites 5–9 archive entries	0.0		5	2017	EchoSnap and PlayableAle	10.1145/3024969.3025091
cites 5–9 archive entries	0.0		5	2017	Webxophone	10.1145/3127942.3127954
cites 5–9 archive entries	0.3106		5	2007	I1)-Musika:Mobile Interface Musical Expression (MIME)	10.1109/iv.2007.67
cites 5–9 archive entries	0.3066		5	2020	Voks: Digital instruments for chironomic control of voice samples	10.1016/j.specom.2020.10.002
cites 5–9 archive entries	0.0		5	2017	Zound	10.1145/3123514.3123566
cites 5–9 archive entries	0.2506		5	2024	Evaluating Dextoria - A modular, embedded system to control electric guitar effects via sound-producing gestures	10.1145/3678299.3678342
cites 5–9 archive entries	0.2782		5	2018	Measurement, Recognition, and Visualization of Piano Pedaling Gestures and Techniques	10.17743/jaes.2018.0035
cites 5–9 archive entries	0.5607		5	2016	Barehanded music	10.1145/2856400.2856411
cites 5–9 archive entries	0.1619		5	2021	Looking Back and Looking Forward	10.1007/978-3-030-55686-0_9
cites 5–9 archive entries	0.1848		5	2015	An Accessible Platform for Exploring Haptic Interactions with Co-located Capacitive and Piezoresistive Sensors	10.1145/2677199.2680571
cites 5–9 archive entries	0.1862		5	2014	Emerging Technologies for Real-Time Diffusion Performance	10.1162/lmj_a_00188
cites 5–9 archive entries	0.203		5	2021	Investigating Page Turning Methods for Sheet Music during Piano Play	10.1145/3447527.3474863
cites 5–9 archive entries	0.0		5	2015	TouchNoise	10.1145/2814895.2814896
cites 5–9 archive entries	0.1402		5	2026	Survey of GPU Acceleration in Acoustics and Audio Signal Processing	10.1145/3830900
cites 5–9 archive entries	0.17		5	2020	Analysis and optimization of rotors supported on hydrodynamic bearings	10.47749/t/unicamp.2019.1128773
cites 5–9 archive entries	0.1789		5	2023	Using design dimensions to develop a multi-device audio experience through workshops and prototyping	10.1145/3616195.3616199
cites 5–9 archive entries	0.1544		5	2024	Views from the South: how making cultures from the Global South can inform sustainability in technologically-mediated arts design practices	10.1080/09298215.2024.2442352
cites 5–9 archive entries	0.2036		5	2026	Skill-Adaptive Ghost Instructors: Enhancing Retention and Reducing Over-Reliance in VR Piano Learning	10.1145/3772318.3791437
cites 5–9 archive entries	0.1805		5	2021	Using game theory to support the audience participation in digital performances	10.35699/2317-6377.2020.32675
cites 5–9 archive entries	0.1553		5	2026	Collective Craft: How Artists Collaborate to Train AI-based Audio Synthesis Model for Music	10.1145/3803784.3807533
cites 5–9 archive entries	0.2492		5	2020	A Method for Learning Netytar: An Accessible Digital Musical Instrument	10.5220/0009816106200628
cites 5–9 archive entries	0.2961		5	2025	Sustainability and the Internet of Sounds: Case Studies	10.1109/tts.2024.3513777
cites 5–9 archive entries	0.2111		5	2025	Accessible guitar playing: Exploring participatory design of digital musical instruments in a special educational needs school	10.1016/j.ijhcs.2024.103435
