cited_by	first_author	year	example_reference
5	gabor	1947	Gabor, D. (1947). Acoustical Quanta and the Theory of Hearing. Nature, 159(4044), 591-594.
4	shannon	1948	Shannon, C. E.. A mathematical theory of communication. Bell Systems Technical Journal, 27(3):379-423, July 1948. Continued 27(4):623-656, October 1948.
4	peterson	1952	Peterson, B. and Barney, H. “Control Methods Used In a Study of the Vowels,” Journal of the Acoustical Society of America, 24, 1952.
3	sachs	1940	Sachs, Curt. The History of Musical Instruments. W.W. Norton & Co., Inc. (New York: 1940).
3	laban	1947	Laban R., and Lawrence F.C. Effort. Macdonald & Evans Ltd., London, 1947.
3	turing	1950	A. M. Turing. Computing machinery and intelligence. Mind, (236):433–460, 1950. http://shouchan.ei.tuat.ac.jp/− rencon/index.shtml
3	hodgkin	1952	A.L. Hodgkin and A. F. Huxley, “A quantitative description of ion currents and its applications to conduction and excitation in nerve membranes,” J. Physiology no. 117, p
3	delattre	1952	P. Delattre, A. Liberman, F. Cooper and L. Gerstman. An Experimental Study of the Determinants of Vowel color; Observation on One- and Two-Formant Vowels Synthesized From
3	fitts	1954	P. M. Fitts. The information capacity of the human motor system in controlling the amplitude of the movement. Journal of Experimental Psychology, 47 :381–391, 1954.
2	dudley	1940	H. Dudley. The Carrier Nature of Speech. Bell System Technical Journal, 19:495–515, 1940.
2	rosenblueth	1943	A. Rosenblueth, N. Wiener, and J. Bigelow. Behavior, purpose and teleology. Philosophy of Science, 10(1):18–24, Jan 1943.
2	merleau-ponty	1945	Merleau-Ponty, M., Phenomenology of Perception, Gallimard, Paris, 1945, Routledge & Kegan Paul, London, 1962, p.171
2	oldenziel	1945	R. Oldenziel. Making Technology Masculine: Men, Women, and Modern Machines in America, 1870-1945. Amsterdam University Press, 2010. International Conference New Interface
2	kandinsky	1947	W. Kandinsky, Point and Line to Plane, Bloomfield Hills, Michigan: Cranbrook Press, 1947, p. 25. 5. Acknowledgments The authors wish to thank Chris Chafe, Jonathan Berger
2	wiener	1948	N. Wiener. Cybernetics. John Wiley & Sons, New York, 1948.
2	partch	1949	Partch, H. 1949 Genesis of Music Da Capo Press
2	dudley	1950	Dudley, H., Remaking Speech. Journal of the Acoustical a clinical study of localization of function, Macmillan, New York, 1950. Society of America, 11: 169-177, 1939.
2	roads	1950	C. Roads. Early electronic music instruments: Time line 1899-1950. CMJ, 20(3), 1996.
2	sessions	1950	R. Sessions. The Musical Experience of Composer, Performer, Listener. Princeton University Press, Princeton, 1950.
2	cooper	1951	F. Cooper, A. Liberman, and J. Borst. The interconversion of audible and visible patterns as a basis for research in the perception of speech. United States of America, 3
2	bloom	1953	B. S. Bloom. Thought-processes in lectures and discussions. J. Gen. Educ. 7, 160–69, 1953.
2	stockhausen	1954	Stockhausen, Karlheinz. Klavierstücke. Universal Edition, 1954. 5.AESTHETIC MOTIVATIONS No Clergy is an attempt to explore the boundaries between composer and audience. B
1	bennett	1940	Bennett, B. W. Cootie Williams, Rex Stewart, and Ray Nance: Duke Ellington's trumpet soloists 1940-1942." dissertation, University of Iowa, 2009.
1	shaw	1940	Shaw, W. A. The relation of muscular action potentials to imaginal weight lifting, Archives of Psychology, 35, (1940), 550.
1	laurens	1941	Hammond Laurens and John M. Hanert. 1941. Electrical Musical Instrument. Patent No. US2233258A, filed 1939-09-05, issued 1941-02-25, assigned to Hammond Instrument Compan
1	sachs	1942	C. Sachs, The History of Musical Instruments. London: Dent, 1942. Figure 7: Illustration of pulling string with slide object. 3.4. Classification of Nymophone2 In Hornbos
1	arnold	1942	L. F. J. Arnold. Electrical clarinet, November 10 1942. US Patent 2,301,184.
1	mcculloch	1943	Warren S McCulloch and Walter Pitts. 1943. A logical calculus of the ideas immanent in nervous activity. The bulletin of mathematical biophysics 5 (1943), 115–133.
1	souriau	1943	​E. Souriau (1943). English version 2015. The Different Modes of Existence. Translated by E. Beranek, T. Howles, University of Minnesota Press.
1	1932	1943	CarnegieHall 1932. Carnegie Hall Concert Program Archive: Léon Théremin and the Theremin Electrical Symphony Orchestra. Concert program, Carnegie Hall, Main Hall. Perform
1	langer	1944	Langer, N. Duophonic Electrical Musical Instrument 1944. USPO # 2365566.
1	antheil	1945	Antheil, G. Bad Boy of Music, Garden City, NY, Doubleday, 1945. After editing the sequence, Lehrman sent it to Singer, who tested the appropriate tracks on his instrument
1	arnold	1945	M. Arnold. Physiological differentiation of emotional states. Psychological Review, 52(1):35, 1945.
1	wilcoxon	1945	C. Wilcoxon. The All-American Drummer. Ludwig Masters, 1945.
1	schwartz	1945	E. Schwartz and D. Godfrey. Music Since 1945. Wadsworth/Thomson Learning, Belmont, CA, USA, 1993.
1	gabor	1946	D. Gabor. Theory of communication. Journal of Institution of Electrical Engineers, pages 429–457, 1946.
1	cage	1946	John Cage. 1946-48. Sonatas and Interludes. Edition Peters, EP 6755.
1	bernstein	1947	N. A. Bernstein, On the construction of the motions , Moscow, 1947. In Russian.
1	bukofzer	1947	Bukofzer, M. F. Music in the Baroque Era: From Monteverdi to Bach. JM Dent and Sons, London. 1947.
1	lewin	1947	K. Lewin. Group Decision and Social Change. In Readings in Social Psychology, T. N. Newcomb & E. L. Hartley (Eds.), Holt, Rinehart & Winston, Troy, MO, 197-211. 1947.
1	weber	1947	M. Weber. The theory of social and economic organization. Free Press, 1947.
1	blackwood	1948	Blackwood B.M., and Balfour, H. Ritual and Secular Uses of Vibrating Membranes as Voice-Disguisers. Journal of the Royal Anthropological Institute of Great Britain and Ir
1	spelt	1948	D. K. Spelt. The conditioning of the human fetus in utero. Journal of Experimental Psychology, 38(3):338–346, 1948.
1	hartsough	1948	B. Hartsough. Tone cabinet for electric organs, Sept. 28 1948. US Patent 2,450,139.
1	rhodes	1948	H. Rhodes. Piano dampening mechanism, Dec. 14 1948. US Patent 2,456,321.
1	schneider	1948	P. Schneider. A note on the exquisite corpse. Yale French Studies, (2):85–92, 1948.
1	drager	1948	H.H. Dräger. Prinzip einer Systematik der Musikinstrumente. Bärenreiter, Kassel & Basel, 1948.
1	bardeen	1948	J. Bardeen and W. H. Brattain. The transistor: A semi-conductor triode. Physical Review, 72(2):230–31, June 1948.
1	youlan	1948	Feng Youlan. 1948. A Short History of Chinese Philosophy. Macmillan Inc. 400 pages.
1	levine	1948	Harold Levine and Julian Schwinger. 1948. On the Radiation of Sound from an Unflanged Circular Pipe. Phys. Rev. 73 (Feb 1948), 383–406. Issue 4. https: //doi.org/10.1103/
1	giedion	1948	Sigfried Giedion. 1948. Mechanization Takes Command: A Contribution to Anonymous History. Oxford University Press, Oxford.
1	miller	1948	Paul E. Miller. 1948. The Solovox; The Electronic "Solovox". Radio and Television News (Dec. 1948), 61–63, 136–138.
1	electric	1948	Western Electric. 1948. Advance Electron Tube Data Sheet: Western Electric 6AS6/409A Electron Tube.
1	sala	1949	O. Sala. Experimentelle und theoretische grundlagen des trautoniums. Frequenz, 3(1):13–19, 1949.
1	wallach	1949	H. Wallach, E. B. Newman and M. R. Rosenzweig, "The Precedence Effect in Sound Localization," The American Journal of Psychology, vol. 62, no. 3, pp. 315-336, 1949.
1	genet	1949	Jean Genet. (1949/1963). Our Lady of the Flowers. Bantam, Mass Paperback Edition.
1	electric	1949	General Electric. 1949. 6AS6 Description and Rating: Radio-FrequencyAmplifier Pentode. https://www.r-type.org/pdfs/6as6.pdf
1	mauss	1950	Mauss, Marcel. The Gift. New York: W.W. Norton, 1950.
1	anderson	1950	L. Anderson. The typewriter. Composition, 1950.
1	dunn	1950	H. K. Dunn. The calculation of vowel resonances, and an electrical vocal tract. J. Acoust. Soc. Am., 22, 6 (1950), 740-753.
1	guin	1950	B. Guin, K. Ghar, and N. Modak. Design and development of an indian harmonium with automatic bellow mechanism. In Journal of Physics: Conference Series, volume 1950, page
1	penfield	1950	W. Penfield and T. Rasmussen. The cerebral cortex of man; a clinical study of localization of function. 1950.
1	moore	1950	Benjamin L. Moore. 1950. Pentode Counting or Control Ring. Review of Scientific Instruments 21, 4 (April 1950), 337–338. https://doi.org/10.1063/1.17 45577
1	sala	1950	Oskar Sala. 1950. Das Mixtur-Trautonium. Physikalische Blätter 6, 9 (1950), 390–398. https://doi.org/10.1002/phbl.19500060902
1	doornbusch	1951	P. Doornbusch. Computer Sound Synthesis in 1951: The Music of CSIRAC. Computer Music Journal, 28(1):10–25, 2004.
1	caine	1951	Hugh Le Caine. 1951. Studies of Bunch Shape in Cyclical Accelerators. Doctoral Thesis. University of Birmingham, Birmingham.
1	gabor	1952	Dennis Gabor. 1952. Lectures on Communication Theory. Technical Report. Massachusetts Institute of Technology.
1	piaget	1952	Jean Piaget. 1952. The Origins of Intelligence in Children. W.W. Norton & Co., New York, NY.
1	bute	1952	M. E. Bute. Abstronic. Motion Picture, U.S.A., 1952.
1	taffanel	1953	J. Taffanel and J. M. Gaubert. Methode Complete de Flute. Alphonse Leduc Editions Musicales, Paris, 1953.
1	wittgenstein	1953	Wittgenstein, Ludwig. Philosophical Investigations. Blackwell Publishers, Oxford, 1953.
1	brown	1953	J. C. Brown. Determination of the meter of musical scores by autocorrelation. Journal of the Acoustical Society of America, 94(4):1953–1957, 1993.
1	sherrick	1953	C. E. Sherrick. “Variables affecting sensitivity of the human skin to mechanical vibration,” Journal of Experimental Psychology, vol. 45, pp. 273-282, 1953.
1	gray	1953	F. Gray. Pulse code communication, Mar. 17 1953. US Patent 2,632,058.
1	follmer	1953	Föllmer, G. Osaka: Technik für das Kugelauditorium. In Musik…, verwandelt. Das Elektronische Studio der TU Berlin 1953–1995, Frank Gertich et al. (eds.), Hofheim, 1996, 1
1	cage	1953	J. Cage. Williams mix. 1953.
1	stockhausen	1953	K. Stockhausen. Studie I. 1953.
1	jordan	1953	W. E. Jordan. Norman McLaren: His career and techniques. The Quarterly of Film Radio and CONCLUSIONS A novel system for performing electronic music through graphic notati
1	oberg	1953	K. Oberg. Indian Tribes of Northern Mato Grosso, Brazil, volume 15. US Government Printing Office, 1953.
1	eby	1953	Robert L. Eby. 1953. Electronic Organs, a Complete Catalogue, Textbook and Manual. Van Kampen Press, Wheaton, Ill.
1	laposky	1953	B. Laposky. Oscillons: Electronic Abstractions. Sanford Museum, Cherokee, IA, 1953.
1	flanagan	1954	Flanagan, J.C. The critical incident technique. In Psychological Bulletin. (Vol.51, 4, 1954).
1	ellis	1954	A.J. Ellis. On the calculation of cents from interval ratios. In H. Helmhotz, On the Sensations of Tone, trans. A.J. Ellis, Dover Publications, 1954, 446-451.
1	hopkins	1954	B. Hopkins and J. G. Skellam. A new method for determining the type of distribution of plant individuals. Annals of Botany, 18(2):213–227, 1954.
1	various	1954	Various. Indian music of the upper Amazon, 1954. Catalog numbers FW04458, FE 4458. People groups of Asháninka, Cocama, Shipibo and Shipibo-Conibo.
1	cage	1954	Cage, J. 1954. Music Lovers’ Field Companion. United States Lines Paris Review.
1	wiener	1954	Norbert Wiener. 1954. Human Use of Human Beings. Doubleday & Company.
1	caine	1954	Hugh Le Caine. 1 November, 1954. Electronic Music. Prepublication copy prepared for “Physics in Canada”.
