cited_by_cited_works	year	first_author	title	doi
13	2007	Leman M.	Embodied Music Cognition and Mediation Technology	10.7551/mitpress/7476.001.0001
10			Musical gestures: Sound, movement, and meaning	10.4324/9780203863411
7	2003	COLLINS	Live coding in laptop performance	10.1017/s135577180300030x
6	2015	McPherson Andrew	An Environment for Submillisecond-Latency Audio and Sensor Processing on BeagleBone Black. In Audio Engineering Society Convention 138	
6	2001	P. Dourish	Where the action is: the foundations of embodied interaction	10.7551/mitpress/7221.001.0001
6	1986	Dolson	The Phase Vocoder: A Tutorial	10.2307/3680093
6	2000	Lewis	Too Many Notes: Computers, Complexity and Culture in Voyager	10.1162/096112100570585
6	2003	Gaver	Ambiguity as a resource for design	10.1145/642611.642653
6	2001	Poupyrev	New interfaces for musical expression	10.1145/634067.634348
6	2008	Rocchesso	Sonic interaction design	10.1145/1358628.1358969
6			Instruments and Players: Some Thoughts on Digital Lutherie.	10.1080/0929821042000317886
6	1954	Fitts	The information capacity of the human motor system in controlling the amplitude of movement.	10.1037/h0055392
6	2009	G. Paine	Towards Unified Design Guidelines for New Interfaces for Musical Expression	10.1017/s1355771809000259
6	2010	T. Bianco	Gesture in Embodied Communication and Human-Computer Interaction	10.1007/978-3-642-12553-9_12
5			Mapping through listening	10.1162/comj_a_00255
5	2003	Fails	Interactive machine learning	10.1145/604045.604056
5	2009	N.H. Rasamimanana	Effort-based Analysis of Bowing Movements: Evidence of Anticipation Effects	10.1080/09298210902731386
5	2006	Essl G.	An enactive approach to the design of new tangible musical instruments	10.1017/s135577180600152x
5	2005	Wright M.	Open Sound Control: an enabling technology for musical networking	10.1017/s1355771805000932
5	2017	Cook	2001: Principles for Designing Computer Music Controllers	10.1007/978-3-319-47214-0_1
4		A.	Trends in gestural control of music, Wanderley	
4	1991	Karjalainen	Transmission Line Modeling and Real-Time Synthesis of String and Wind Instruments,	
4	1989	Boei	R. A. et al. Gesture Sensing via Capacitive Moments. Work Project No. 311401-(2099,2399) AT&T Bell Laboratories	
4		J.	pp. 526--534	
4	1987	Serra Smith	PARSHL: Analysis/Synthesis Program for Non-Harmonic Sounds Based on a Sinusoidal Representation.	
4	2000	Verplank B.	p: 368--371	
4		J.	Musical Applications of Digital Waveguides	
4	1978		} Moorer, A. 1978. "The Use of the Phase Vocoder in Computer Music Applications	
4	1975		} Makhoul, J. 1975. "Linear Prediction: A Tutorial Review	
4	1991		LECTOR: An Ecclesiastical Latin Control Language for the SPASM/singer Instrument,	
4	1947		} Gabor, D. (1947)	
4	1971	Xenakis Iannis	Formalized Music: Thought and Mathematics in Composition. Bloomington and	
4		Sidney	Fels and Kenji Mase. Iamascope: A Graphical Musical Instrument. Computers and Graphics	
4	1990	Norman D. A.	The Design of Everyday Things	
4	2002		} Burzik, A. 2002. Practising in Flow---The Secret of the Masters	
4			Blues pour saqueboute: Hugh Le Caine pionnier de la musique électronique.	
4	2005	Collins N.	Audio Engineering Society Convention	
4				10.5555/76932
4				10.5555/1142215.1142241
4				10.5555/1085152.1085156
4	2019	Frid	Accessible Digital Musical Instruments—A Review of Musical Interfaces in Inclusive Music Practice	10.3390/mti3030057
4	2005	Tarabella	Music, communication, technology	10.22323/2.04010305
4			Designing New Musical Interfaces as Research: What's the Problem?	10.1162/leon_a_01118
4	2003	Barbosa	Displaced Soundscapes: A Survey of Network Systems for Music and Sonic Art Creation	10.1162/096112104322750791
4	2024	Morrison	Entangling Entanglement: A Diffractive Dialogue on HCI and Musical Interactions	10.1145/3613904.3642171
4	2000	Blaine	The Jam-O-Drum interactive music system	10.1145/347642.347705
4	2019	Frauenberger	Entanglement HCI The Next Wave?	10.1145/3364998
4		Caramiaux	Adaptive gesture recognition with variation estimation for interactive systems	10.1145/2643204
4	2013	Benford	Performance-Led Research in the Wild	10.1145/2491500.2491502
4	2006	Bødker	When second wave HCI meets third wave challenges	10.1145/1182475.1182476
4	2006	Sengers	Staying open to interpretation	10.1145/1142405.1142422
4	1986	McAulay	Speech analysis/Synthesis based on a sinusoidal representation	10.1109/tassp.1986.1164910
4	2004	Fels	Designing for intimacy: creating new interfaces for musical expression	10.1109/jproc.2004.825887
4	2008	Fraser	Walk the Walk, Talk the Talk	10.1109/iswc.2008.4911601
4	2021	Turchet	Music in Extended Realities	10.1109/access.2021.3052931
4	2019	Turchet	Smart Musical Instruments: Vision, Design Principles, and Future Directions	10.1109/access.2018.2876891
4	2018	Fiebrink	The Machine Learning Algorithm as Creative Musical Tool	10.1093/oxfordhb/9780190226992.013.23
4	2005	Latour B.	Reassembling the Social:An Introduction to Actor-Network-Theory: An Introduction to Actor-Network-Theory	10.1093/oso/9780199256044.001.0001
4	2004	Kimura	Nonabelian gauge field and dual description of fuzzy sphere	10.1088/1126-6708/2004/04/058
4	2009	N. Bryan-Kinns	Identifying mutual engagement	10.1080/01449290903377103
4	2010	Chafe	Effect of Temporal Separation on Synchronization in Rhythmic Performance	10.1068/p6465
4	2009	N.H. Rasamimanana	Perspectives on Gesture–Sound Relationships Informed from Acoustic Instrument Studies	10.1017/s1355771809000314
4	2014	Malloch	Distributed tools for interactive design of heterogeneous signal networks	10.1007/s11042-014-1878-5
4	2016	gabrielli	Wireless Networked Music Performance.	10.1007/978-981-10-0335-6
3			The Use of Linear Prediction of Speech in Computer Music Applications 	
3	1994	Larouche	} Larouche, J. & J. Meillier 1994. "Multichannel Excitation/ Filter Modeling of Percussive Sounds with Application to the Piano	
3	2004	Kapur	} Kapur, A., Tzanetakis, G., & P. F. Driessen, "Audio-Based Gesture Extraction on the ESitar Controller	
3	1991	Roads	G. De Poli, A. Piccialli, & C	
3	1991	M Csikszentmihalyi	Flow: The psychology of optimal experience	
3	2008	carôt	Distributed network music workshop with soundjack	
3			Digital Waveshaping Synthesis 	
3	1990	M. Kartomi	On Concepts and Classifications of Musical Instruments	
3			 Bell Laboratories Record December. {Dudley 1939} Dudley H. 1939 	
3		Steiglitz	1996 Digital Signal Processing Primer	
3	2006	D Huron	Sweet Anticipation. Music and the Psychology of Expectation	10.7551/mitpress/6575.001.0001
3	1990	bregman	Auditory Scene Analysis	10.7551/mitpress/1486.001.0001
3	2010	Godøy	Chunking in Music by Coarticulation	10.3813/aaa.918323
3	2002	Wilson	Six views of embodied cognition	10.3758/bf03196322
3	2014	Medeiros	A Comprehensive Review of Sensors and Instrumentation Methods in Devices for Musical Expression	10.3390/s140813556
3	2018	turchet	Real-time hit classification in a smart Caj&#x00F3;n	10.3389/fict.2018.00016
3	1983	Jaffe	Extensions of the Karplus-Strong Plucked-String Algorithm	10.2307/3680063
3	1988	Haraway	Situated Knowledges: The Science Question in Feminism and the Privilege of Partial Perspective	10.2307/3178066
3	2020	Matuszewski	A Web-Based Framework for Distributed Music System Research and Creation	10.17743/jaes.2020.0015
3	2015	Rottondi	Feature-Based Analysis of the Effects of Packet Delay on Networked Musical Interactions	10.17743/jaes.2015.0074
3	2006	Bartlette	Effect of Network Latency on Interactive Musical Performance	10.1525/mp.2006.24.1.49
3	1985	Flash T.	The coordination of arm movements: an experimentally confirmed mathematical model	10.1523/jneurosci.05-07-01688.1985
3	2006	E Miranda	Brain-computer music interface for composition and performance	10.1515/ijdhd.2006.5.2.119
3	1992	MacKenzie	Fitts' Law as a Research and Design Tool in Human-Computer Interaction	10.1207/s15327051hci0701_3
3	1993	Gaver	What in the World Do We Hear?: An Ecological Approach to Auditory Event Perception	10.1207/s15326969eco0501_1
3	2006	V Braun	Using thematic analysis in psychology	10.1191/1478088706qp063oa
3	2016	Torre	The Hands: The Making of a Digital Musical Instrument	10.1162/comj_a_00356
3			Buttons, Handles, and Keys: Advances in Continuous-Control Keyboard Instruments.	10.1162/comj_a_00297
3	2014	Van Nort	Mapping Control Structures for Sound Synthesis: Functional and Topological Perspectives	10.1162/comj_a_00253
3	2014	Wang	Ocarina: Designing the iPhone's Magic Flute	10.1162/comj_a_00236
3	2004	G Rizzolatti	THE MIRROR-NEURON SYSTEM	10.1146/annurev.neuro.27.070203.144230
3	2023	Mudd	Playing with Feedback: Unpredictability, Immediacy, and Entangled Agency in the No-input Mixing Desk	10.1145/3544548.3580662
3	2000	Beaudouin-Lafon	Reification, polymorphism and reuse	10.1145/345513.345267
3	2000	Abowd	Charting past, present, and future research in ubiquitous computing	10.1145/344949.344988
3	2017	Turchet	Examples of use cases with Smart Instruments	10.1145/3123514.3123553
3	2015	Katan	Using Interactive Machine Learning to Support Interface Development Through Workshops with Disabled People	10.1145/2702123.2702474
3	2013	Françoise	A multimodal probabilistic model for gesture--based control of sound synthesis	10.1145/2502081.2502184
3			Autobiographical Design in HCI Research: Designing and Learning Through Use-It-Yourself.	10.1145/2317956.2318034
3	2012	Gaver	What should we expect from research through design?	10.1145/2207676.2208538
3	2011	Latulipe	Love, hate, arousal and engagement	10.1145/1978942.1979210
3	1993	Bier	Toolglass and magic lenses	10.1145/166117.166126
3	2007	Magnusson	The acoustic, the digital and the body	10.1145/1279740.1279757
3	2002	E Kohler	Hearing Sounds, Understanding Actions: Action Representation in Mirror Neurons	10.1126/science.1070311
3	1983	Rasmussen	Skills, rules, and knowledge; signals, signs, and symbols, and other distinctions in human performance models	10.1109/tsmc.1983.6313160
3	2007	T. Artieres	Online Handwritten Shape Recognition Using Segmental Hidden Markov Models	10.1109/tpami.2007.38
3	2019	L Turchet	Co-Design of Musical Haptic Wearables for Electronic Music Performer's Communication	10.1109/thms.2018.2885408
3	2017	Wu	Open Symphony: Creative Participation for Audiences of Live Music Performances	10.1109/mmul.2017.19
3	2005	Camurri	Communicating expressiveness and affect in multimodal interactive systems	10.1109/mmul.2005.2
3	None	Lyons	Facial gesture interfaces for expression and communication	10.1109/icsmc.2004.1398365
3			Music and Emotion: Theory and Research	10.1093/oso/9780192631886.001.0001
3	2017	Magnusson	Musical Organics: A Heterarchical Approach to Digital Organology	10.1080/09298215.2017.1353636
3	2006	Schwarz	Concatenative sound synthesis: The early years	10.1080/09298210600696857
3	1987	Guiard	Asymmetric Division of Labor in Human Skilled Bimanual Action	10.1080/00222895.1987.10735426
3	1991	Weiser	The Computer for the 21st Century	10.1038/scientificamerican0991-94
3	1997	D Smalley	Spectromorphology: explaining sound-shapes	10.1017/s1355771897009059
3	2015	SS Rautaray	Vision based hand gesture recognition for human computer interaction: a survey	10.1007/s10462-012-9356-9
3	2013	Drioli	Networked Performances and Natural Interaction via LOLA: Low Latency High Quality A/V Streaming System	10.1007/978-3-642-40050-6_21
3	2007	M Müller	Information retrieval for music and motion	10.1007/978-3-540-74048-3
3	2004	J.-L. Florens	Gesture-Based Communication in Human-Computer Interaction	10.1007/978-3-540-24598-8_45
3	1998	Fletcher N.	The Physics of Musical Instruments	10.1007/978-0-387-21603-4
