id	file	title	abstract
nime:nime2005_Levin_a	paper_proceedings/nime2005.bib	A Personal Chronology of Audiovisual Systems Research	In this invited lecture, I present an informal overview of seven years’ research into the design of real­time systems for the creation, manipulation and performance of simultaneous image and sound. This research explores the intersection of abstract communication and interactivity, as part of a more general inquiry into the formal languages of the responsive medium, and of nonverbal communications protocols in cybernetic systems. I present a combination of live demonstrations and video documentations in order to illustrate the various systems, reveal some common threads, and propose some design desiderata.
nime:nime2005_Overholt	paper_proceedings/nime2005.bib	The Overtone Violin	The philosophy behind this approach is to use gesture sensors to add completely different functionality to the instrument rather than capturing playing techniques that already have their own outcome—in this case, the sound of the strings. In fact, the Overtone Violin can be viewed as two components tightly integrated into one: it is both a traditional (electro-acoustic) violin, and a gestural computer music controller. This paper describes the concept, design, realization and evaluation of a radically augmented musical instrument named the Overtone Violin. The rationale behind the development of the instrument is to preserve the expressive elements of the expert violinist, while incorporating the added benefits of gestural controllers via embedded sensors. There have been many examples of idiosyncratic alternate controllers in electronic music, as well as quite a few hybrid controllers that typically use sensors to capture the motions of playing a traditional instrument. However the Overtone Violin crosses these boundaries by retaining the original violin techniques and sounds as well as extending/enhancing the instrument with new methods of expression that are not inherent to the conventional technique.
nime:nime2006_Rohs	paper_proceedings/nime2006.bib	CaMus: Live Music Performance using Camera Phones and Visual Grid Tracking	The visual display of the phone is used to provide navigational guidance and allow for authoring of the geometric setup of the mapping. A ﬂow diagram of the system is shown in Figure 1. We demonstrate that mobile phones can be used as an actively oriented handheld musical performance device. To achieve this we use a visual tracking system of a camera phone. Motion in the plane, relative to movable targets, rotation and distance to the plane can be used to drive MIDI enabled sound generation software or hardware. Mobile camera phones are widely available technology and we hope to ﬁnd ways to make them into viable and widely used performance devices. 1. Martin Roth Deutsche Telekom Laboratories, TU Berlin Ernst-Reuter-Platz 7 10587 Berlin, Germany Display Speakers Visualization Sound Marker Detection Bluetooth
nime:nime2006_Geiger	paper_proceedings/nime2006.bib	Using the Touch Screen as a Controller for Portable Computer Music Instruments	Therefore we have tried to surpass these limitations and go beyond the traditional control paradigms, by using dynamic gestures on the touch screen to control software instruments running on the device itself. Our goal in deﬁning new interaction principles is to construct an interface that resembles traditional instruments, and especially portable instruments, in several ways. First, it is one piece, the mobile device, and not a collection of controllers and synthesis engines. It should stay a portable instrument, which ampliﬁes its applicability to diﬀerent contexts. Portable instruments play an important role in music culture, they can be moved easily, can be used in diﬀerent social events and situations and deliver music outside the concert hall or studio. Having too many cables and addons would make the setup of the instrument more compilicated and its usage more error prone. The instrument should have an interface that maximizes control and gives immediate feedback. It should, actually, feel like an acoustic instrument, but produce sound that acoustic instruments can’t produce. It should also oﬀer control on other than note level, such as score level or sound processing level [13]. It should be a learn-able and master-able instrument [7], and the player should be able to have direct feedback on how he advances in mastering the instrument [9]. Under these premises we try to develop a model of interaction with the touch screen. Using mobile devices as instruments in computer music is one of the goals of the “Pure Data anywhere” project [5]. An obstacle we encounter is controllability, because most of the devices do not oﬀer the necessary interface, such as MIDI or USB, in order to be controlled by external controllers. Also, attaching external controllers to the devices would make them less portable. This paper investigates the possibilities of using the touch screen, an interface that is part of mobile devices like Personal Digital Assistants (PDA’s). It describes usage scenarios that have been implemented for the PD anywhere system. As most traditional PDA applications use the touch screen in the same way as a mouse would be used, emphasis is put on the diﬀerence between mouse and touch screen interaction for instruments. We are going to describe interaction models, that were found useful and intuitive and enable the touch screen to become a fairly sophisticated controller for expressive real time music on a PDA.
nime:nime2006_Lebel	paper_proceedings/nime2006.bib	The G-Spring Controller	Along the same lines, a way to reach a balance between an easy-to-use interface and continuous musical evolution is explored with the G-Spring. It is an attempt to design an instrument with a simple interface that produces sound easily, but aﬀord musical complexity through additional and more reﬁned controls. Through practice, these qualities can be used by a performer to create unique sounds and push the musical limits of the basic instrument. The remainder of this paper describes the design of the G-Spring, shown in Figure 1, and explains how eﬀort is introduced by the choice of material as well as how possibilities for continuous musical evolution are investigated through the use of performer-controlled audio feedback and built-in distortion. The controller design is brieﬂy evaluated and discussed in regards to the notion of eﬀort. Finally, some directions for future work are outlined. This paper presents a novel digital musical instrument using an interface constructed from a large spring that oﬀers natural kinesthetic feedback through its inherent stiﬀness. The design of the ﬁrst prototype is described and discussed in relation to the notion of eﬀort in musical performance. Audio feedback and distortion are introduced as a possible way to extend the musical limits of the simple interface.
nime:nime2006_Stewart	paper_proceedings/nime2006.bib	SonicJumper Composer	This document describes the implementation of the SonicJumper gestural controller bodysuit in a compositional context. It is a tool for generating musical materials, which are then used to compose a piece of music. The emphasis is on integration of gestural controllers at the earliest stage of the compositional process, rather than at the end. That is to say, the following discussion centers on controllers as a tool for creating musical material, and not as instruments for a performance. An effective compositional tool provides the composer with a manner of producing materials that have an inherent musical quality lending themselves to the formation of musical messages, which are then organized into a meaningful compositional whole. The author regularly incorporates the SonicJumper into his compositional process, generating materials for mixed works—compositions for ensemble and electronics. 2. MALLEABLE GESTURAL CONTROLLER
nime:nime2006_Steiner	paper_proceedings/nime2006.bib	Towards a Catalog and Software Library of Mapping Methods	Mapping has been discussed for decades, yet there is not standard catalog of mapping methods. The Mapping Library for Pd is a ﬂedgling library of mapping primitives with the aim of cataloging existing mapping methods. Also included are techniques for conditioning sensor data to make it usable in the context of instrument design.
nime:nime2006_Ramakrishnan	paper_proceedings/nime2006.bib	The ZKM Klangdom	The Klangdom is an audio spatialization instrument developed at the Institut für Musik und Akustik at the ZKM. It is made up of 39 Meyer Sound loudspeakers hung on four sliding tracks, allowing for easy re-configuration of the speaker setup. The audience sits inside the Klangdom, which can be controlled either directly via a mixer, by externally developed software, or by a sequencer for sound movement, Zirkonium, developed at the ZKM. Zirkonium can accept and spatialize audio generated by other applications (even o n remote machines) and can simulate the Klangdom over alternate speaker setups to aid composition and dissemination (e.g., in stereo or 5.1).
nime:nime2006_Francois	paper_proceedings/nime2006.bib	An Architectural Framework for Interactive Music Systems	analysis and implementation of complex software systems of asynchronous interacting processing components. SAI deﬁnes architectural level abstractions that are consistent with a general model of computation. These abstractions resolve a class of seemingly related fundamental issues, that are characerized by Puckette as a divide between processing and representation paradigms [26], and by Dannenberg as the diﬃculty of combining (functional) signal processing and (imperative) event processing [9]. Interactive systems are particularly interesting and challenging, as they require on-line (real-time) analysis and synthesis of data media of diﬀerent nature. SAI is designed explicitly to address the limitations of traditional approaches in this context. For historical reasons, SAI was ﬁrst applied to the design and implementation of real-time and interactive computer vision systems [17]. Its relevance in the context of interactive music systems was explored and established over the past few years through collaborations between the authors, started at IMSC. The remainder of this paper is organized as follows. Section 2 relates the SAI approach to major landmarks in the rich computer music history. Section 3 describes the main features of the framework: the architectural abstractions that form the SAI style, important properties, and design and implementation tools. Section 4 demonstrates the use of the framework with two interactive music systems. Finally, Section 5 oﬀers concluding remarks and outlines research and development directions for ongoing and future work. This paper introduces the Software Architecture for Immersipresence (SAI) framework to the computer music community. SAI is a software architecture model for designing, analyzing and implementing applications that perform distributed, asynchronous parallel processing of generic data streams. The most signiﬁcant innovation of SAI is its ability to handle real-time DSP, interactive control, and data-centered representations in a uniﬁed model. This generality facilitates the design and implementation of complex interactive systems that combine music analysis, synthesis and on-line control. Two examples illustrate the use of SAI in the design and implementation of interactive music systems: MuSA.RT, a system for real-time analysis and interactive visualization of tonal patterns in music, and ESP, a driving interface (wheel, pedals and display) for creating expressive performances from expressionless music ﬁles.
nime:nime2006_Jacquemin	paper_proceedings/nime2006.bib	Transmodal Feedback as a New Perspective for Audio-visual Effects	is presented. Last, several variations are proposed in order to illustrate diﬀerent parametrizations and renderings. A new type of feedback is presented that involves both the auditory and visual modalities. It combines an audio resonant bandpass ﬁlter, a geometrically constructed mass-spring system and its graphical skin. The system shows a resonant behavior that is detailed in various parameter setups. Complex mass-spring topologies result in a coherent self-sustained audio-visual system that mimics gusts of wind blowing a veil and associated sound eﬀects. 2. TRANSMODAL CORRESPONDENCES The correspondences between two modalities tend to be metaphorical when they are used for artistic and creative purposes, and tend to be more literal when they are used for control purposes. In the metaphorical category, and connecting sound to graphics, is the work of Golan Levin. The sound (the voice) is transformed into illustrative graphical eﬀects inspired from the cartoon world [9]. Similarly, rich graphical environments such as urban models can be easily associated with sonic interpretations [19]. Metaphorical representations introduce a distance between the source stimulus (image or sound) and its perceived eﬀect. For this reason they are not appropriate for feedback eﬀects which require better coherence between input and output. Literal transmodal correspondences, that are better suited to feedback, are encountered in systems where a modality is used to control another one. One of the motivations behind these works is that human perceptual capabilities depend on the modality. For instance, vision is very good at distinguishing visual patters in large sets of visual data, while audition is good at perceiving very brief sound variations. Visual representation of music is a literal correspondence between graphics and audio that has its origin in the notation of music through scores. Digital media have oﬀered new perspectives to interactive composition through the graphical representation of musical composition. It can be based on sophisticated musical theories such as Xenaki’s theory for Iannix [5] or more abstract representations such as Sonos [16] or Metasynth [11]. Similarly virtual instruments are visual interfaces for music synthesis that focus on playability, direct manipulation, and real-time interaction [8]. Duality of sonic and visual representation is also well illustrated by visual representations of sound databases [15] that can help the user to build a mental map of the soundscape of the sample collection. The reverse combination of sound and graphics is abstract data soniﬁcation: the process of representing generic data by means of audio signals [2]. Since our purpose is to close the loop and allow reciprocal transmodal information exchange, we return to the notion of feedback in a resonating system before introducing our model of audio↔graphic feedback.
nime:nime2006_Wanderley	paper_proceedings/nime2006.bib	SensorWiki.org: A Collaborative Resource for Researchers and Interface Designers	• Number of articles in diﬀerent byte size ranges, such as 50, 250, or 1000 bytes This paper describes an online Wiki, a collaborative Web site designed to allow users to edit and add content. It was created at the Input Devices and Music Interaction Laboratory with the aim of promoting and supporting the construction of new musical interfaces. Although many individual universities and research centres oﬀer sources of relevant information online, this project allows for easy sharing and dissemination of information across institutional and international boundaries. In this paper, the internal framework and categorization scheme for the Wiki is proﬁled, and each section is introduced. The beneﬁts of joining this eﬀort are clearly demonstrated, and the possible future directions of the project are detailed. • Size of articles N/L, 2N/L, ... LN/L where N is the total number of articles and L is the number of languages in which articles are written The largest Wiki by all measurements is the Wikipedia, an online collaborative encyclopedia project [4]. It utilizes WikiMedia Foundation’s GPL–licensed engine, Mediawiki [15], as does SensorWiki.org. While some Wikis require a short registration process for editors, as of writing the Sensor Wiki does not. 1 The advantage of Wikis as compared to traditional websites is that information can be quickly shared amongst all the interested members in a given ﬁeld or community. Structured Wikis like SensorWiki.org attempt to combine this open nature with the format consistency and ﬂexibility of a database application [14]. While some of the information compiled and developed by research labs is proprietary, there is an abundance of material that would be made public if the proper forum for its release were made available. The Sensor Wiki project is just such a forum.
nime:nime2006_Hansen	paper_proceedings/nime2006.bib	Mapping Strategies in DJ Scratching	rently playing on the record. In this sense, scratching can be compared to new computer based instruments that has separated the interface and controllers from the sound generator. Recent alternative interfaces for scratching follow to a great deal the separation of a sound level unit and a sound ’source’ unit. Why is this so? Should not the eﬀort of the new interface developers be focussed on the task of making one instrument for scratching? Evidently, there is a mismatch between development of the turntable-part and the mixer/crossfader-part: this is because the struggle to make an acceptable substitute to the turntable is of highest priority. For instance, all leading manufacturers have each marketed a number of devices for scratching digitally stored sound, but only one of them has produced a mixer with additional control possibilities [19]. For 30 years Disc Jockeys have been expressing their musical ideas with scratching. Unlike many other popular instruments, the equipment used for scratching is not built as one single unit, and it was not intended to be a musical instrument. This paper gives an overview of how DJs use their turntable, vinyl record and audio mixer in junction to produce scratch music. Their gestural input to the instrument is explained by looking at the mapping principles between the controller parameters and the audio output parameters. Implications are discussed for the design of new interfaces with examples of recent innovations and experiments in the ﬁeld.
nime:nime2006_Marshall	paper_proceedings/nime2006.bib	Vibrotactile Feedback in Digital Musical Instruments	from an instrument is fast enough to allow a performer to successfully control articulation [11]. This paper begins by discussing how we sense vibration in traditional musical instruments and goes on to discuss how the vibrations of a traditional instrument can be simulated in a digital musical instrument to enhance the ”feel” of the instrument which results from these vibrations in acoustic instruments [6]. This paper discusses vibrotactile feedback in digital musical instruments. It compares the availability of intrinsic vibrotactile feedback in traditional acoustic musical instruments with the lack of vibrotactile feedback in most digital musical instruments. A short description of human sensory ability with regard to this form of feedback is given and the usefullness of vibrotactile feedback to musical performers is also brieﬂy discussed. A number of devices are examined which can be used to provide vibrotactile feedback in a digital musical instruments and some experiments to evaluate these devices are also described. Finally, examples are given of a number of instruments which make use of some of these devices to provide vibrotactile feedback to the performer. 2.
nime:nime2006_Bowers	paper_proceedings/nime2006.bib	Creating Ad Hoc Instruments with Pin&Play&Perform	Drawing from conceptual discussions and a reflection o n extended techniques in musical performance, we offer the notion of an ‘ad hoc instrument’ as an instrument constructed during the course of interacting with it. To concretise the idea, we explore the utility of ‘Pin&Play’ technology where interface elements like dials, sliders and buttons are pinned to a conductive substrate. We describe an ad hoc sound mixer and ad hoc synthesizer, and report o n our performance experience with them. We conclude b y discussing ad hoc instruments in relationship to physical interfaces, live coding, ‘living scores’, and issues i n contemporary music performance.
nime:nime2006_Weinberg	paper_proceedings/nime2006.bib	Interactive Sonification of Neural Activity	intimate sonic familiarity with complex real-world data. Our main research goal, therefore, was to provide an aesthetically satisfying and educationally useful representation of complex datasets of neural activity through hands-on interaction. Our preliminary effort in this area was in the framework of the “Fish and Chips” project (in collaboration with the Symbiotic Research Group, Perth Australia [14]), where we sonified lowresolution audio signal from an in-vitro culture of fish neural cells. For this project we developed a simple graphical interface for users to choose between datasets. Based on observations from this study we developed a new system, titled “BrainWaves” (in collaboration with the Laboratory for NeuroEngineering at Georgia Tech [11]), in which we analyzed higher-resolution signals, allowing a group of players to interact and manipulate the data in a performance setting using new tactile controllers that we have developed. Our main goal in “BrainWaves” was to enable players to explore and perceive the neural information in an immersive manner, providing a direct and intimate connection to the information through tactile interactions. We believe that such an approach for interaction with auditory displays can provide artistic, scientific, as well as educational merits. We discuss our ongoing research in sonification of neural activity as demonstrated in the “Fish and Chips” and “BrainWaves” projects. We argue that sonification can serve as an effective technique for the representation of complex spatial information such as neural activity due to the auditory system’s ability to perceive stimuli at a wide spatial cover and its inclination to perceive spatial patterns in sonic input. The paper discusses aesthetic and functional aspects of sonification in this context and describes the evolution of our technique, artistic approach, and interaction design – from the low-resolution graphical user interface in “Fish and Chips” to the highresolution tangible interaction with newly developed controllers in “BrainWaves”. We conclude with an evaluative discussion and a number of suggestions for future work.
nime:nime2006_Remus	paper_proceedings/nime2006.bib	Non Haptic Control of Music by Video Analysis of Hand Movements: 14 Years of Experience with the `Caméra Musicale'	2. ORIGINS AND DEVELOPMENTS The "Caméra Musicale" is an interface which allows a musical practice based on the movement of hands and fingers under a camera. Born from technologies and methods developed in the early eighties to create music from choreographic movements, the “Camera Musicale” has evolved during the nineties to become a user friendly device since 2003. This article describes its fundamental principles of operation, which have remained relatively unchanged. It then focuses on the importance of the choices necessary to be made while analyzing the video image. The "Caméra Musicale" was born from research and works by Sylvain Aubin, with the "Manorine. A first prototype was developed in 1982 " (patent n° 82695, december 1982). The point of this work was to combine a logical interface between a video camera and analogical synthesizers. The main goal of such a machine was to create music for choreographic performances (Stéphanie Aubin, performances, Paris, Rennes 1986). The principle was based on the analysis of a clear surface (the body, or a part of the body) being detached in hyper-contrast on a black screen. This analysis brought up many characteristics of the moving spot:
nime:nime2006_dAlessandro	paper_proceedings/nime2006.bib	Real-time CALM Synthesizer: New Approaches in Hands-Controlled Voice Synthesis	spectral modelling of voice source [4]. Links between spectral parameters and auditory eﬀects are relatively straightforward. Then playing instruments based on spectral modelling seems very intuitive. Another key point is gestureto-parameter mapping. Following the pioneering work by Fels [5], we found data glove particularly well suited to vocal expression. Recent work on hand-controlled vocal synthesis include series of instruments presented by Cook [6] and the Voicer by Kessous [7]. It must be pointed out that musical possibilities oﬀered by an instrument strongly depend on mapping and interfaces. Then, depending on intended musical aims, diﬀerent instruments are proposed. This paper is organized as follows. In section 2, the voice synthesis model is reviewed. In section 3, control devices and mapping of voice quality dimensions onto control parameters are discussed. Section 4 presents two musical instruments built on basis of synthesis model and vocal dimensions. Section 5 presents a discussion of results obtained and proposes directions for future works. In this paper, a new voice source model for real-time gesture–controlled voice synthesis is described. The synthesizer is based on a causal-anticausal model of the voice source, a new approach giving accurate control of voice source dimensions like tenseness and eﬀort. Aperiodic components are also considered, resulting in an elaborate model suitable not only for lyrical singing but also for various musical styles playing with voice qualities. The model is also tested using diﬀerent gestural control interfaces : data glove, keyboard, graphic tablet, pedal board. Depending on parameter-to-interface mappings, several instruments with diﬀerent musical abilities are designed, taking advantage of the highly expressive possibilities of the synthesis model.
nime:nime2006_DeLaubier	paper_proceedings/nime2006.bib	Meta-Instrument 3: a Look over 17 Years of Practice	2. HOW THE META-INSTRUMENT WORKS The Meta-Instrument (M-I) is a new instrument for computer music. Since 1989, three backward compatible prototypes were designed involving custom developments in electronics, mechanics, computer science and music. This paper presents the third generation of M-I, and a few ideas that emerged from the past 17 years of playing it. These two questions led to the conception of a general system, made of three parts: gesture sensing, gesture transformation, and perception. The Meta-Instrument main function is to catch the gesture. It is thus a transductor meant to measure precisely and digitalize the musician gesture. A first version was built in 1989 and still works today. A second generation, compatible with the first one, exists since october 1995. A third version, compatible as well with the previous ones, is operational since december 2004.
nime:nime2006_Hindman	paper_proceedings/nime2006.bib	Modal Kombat: Competition and Choreography in Synesthetic Musical Performance	Video Game Battle, Music Games, Sonic Games, Controlling Video Games With Sound, Modal Kombat, Mortal Kombat, Competition, Choerography, Human-Computer Interaction. Public competition has been a part of the human experience for at least all of recorded history. The same is true for music. Modal Kombat is a live guitar competition channeled through the video game Mortal Kombat. The performance work builds on the idea of dueling banjos, one of the few examples of public musical competition. Modal Kombat takes this concept one step further by allowing a virtual mythological warrior to embody musical gestures. The result is a musical competition that utilizes advanced technology and popular media to exemplify the human passion for the spectacle sport. This paper describes the technological and musical challenges that face performers, composers, and programmers when producing performance works that incorporate the control of pre-recorded graphical animations with audio and MIDI. Topics covered will include the musical instrument as an interface, choreography and competition, visual theatrics, performance ﬂow, and compositional structures that allow for asynchronous rhythmic patterns inherent to and resultant from game controller input. In addition to its theoretical inquiry, the paper will discuss the practical artistic and technical needs required to successfully create a public instrument-controlled video game competition/concert, through documentation of Modal Kombat, the ﬁrst ever instrument controlled video game battle.
nime:nime2006_Lehrman	paper_proceedings/nime2006.bib	A "Ballet Mécanique" for the 21st Century: Performing George Antheil's Dadaist Masterpiece with Robots	From 19 February to 14 May 2006 the National Gallery of Art was host to “the most comprehensive museum exhibition of Dada art ever mounted in the United States,.”4 Prior to coming to Washington, the exhibit appeared at the Musée national d’art moderne, Centre Pompidou, Paris, and after Washington it was scheduled to go to the Museum of Modern Art in New York City. An installation to perform Ballet mécanique, one of the most notorious works of the early 20th century, using acoustic instruments entirely under computer control, was constructed at the National Gallery of Art in Washington, DC to accompany a major exhibit on Dadaist art.
nime:nime2006_Schiesser	paper_proceedings/nime2006.bib	On Making and Playing an Electronically-augmented Saxophone	Palacio-Quintin’s Hyper-Flute [12], this saxophone is augmented with sensors, where each device may be used independently from one another. Since this work is still in progress and only few experiences have been collected in concert situations, this paper prepares the ground for new compositions and further performances outcomes. The long-range goal of this project is to develop a toolbox with many modules – i.e. sensors and their corresponding control programs – and play pieces from this young and growing repertoire for saxophone and liveelectronics. According to the needs of the composition and the performance (gestures, staging, ability of the performer), the best combination of modules should be found for each piece. We also plan to develop a completely portable system (wireless microphone and interface) which will allow us to explore some interesting staging possibilities made possible by the greater freedom of movement that will be gained. In the next section, as a starting point for the description of our electronically-augmented saxophone, we deﬁne the gesture parameters on an acoustic saxophone. Then, in section 3, we describe the conﬁgurable set of sensors that can be added to the saxophone and we provide some examples of mapping. Before concluding with an overview of potential and further developments of this instrument, section 4 proposes a general reﬂection on the various issues and mutations in the performer’s control and practice induced by the electronic augmentation of a traditional acoustic instrument. A low-tech electronically-augmented saxophone has been developed with a modular palette of sensors and their corresponding control interfaces. This paper describes the modules and proposes mapping strategies derived from a reﬂection on the various uses of live-electronics and an analysis of the functions of gestures applied to the saxophone. It also discusses the functional mutation of the performer’s gesture induced by the electronic augmentation of an acoustic instrument.
nime:nime2006_Smyth	paper_proceedings/nime2006.bib	Handheld Acoustic Filter Bank for Musical Control	This paper introduces the design of a handheld musical input device that produces control data by measuring, and analyzing, the resonances of carefully tuned pipes. The device provides input control information to several virtual reed instruments running in parallel, responsible for producing the sound. Inspired by the khaen, a musical instrument from Northeast Thailand and Laos, the controller consists of a row of acoustic tubes, with ﬁnger holes that change the tube’s resonance when covered. Each tube is equipped with both a microphone recording the change in pressure variations at a set location along the tube. The mic outputs are mixed, and input to the computer via the mic level audio ports, allowing the controller to interface very reliably (and conveniently) to most laptop computers.
nime:nime2006_Bottoni	paper_proceedings/nime2006.bib	Mapping with Planning Agents in the Max/MSP Environment: the GO/Max Language	GO/Max is an agent programming language that facilitates the design of algorithms for real-time control of sound/music generation programs crafted in the Max/MSP environment. We show how software planning agents programmed in GO/Max can be used to transform abstract goal states speciﬁed by the performer in potentially complex sequences of Max/MSP control messages. Figure 1: Performer requests a goal to the gomax agent, agent’s plans to reach the goal are translated in control sequences for the Max/MSP patch.
nime:nime2006_Hamilton	paper_proceedings/nime2006.bib	Bioinformatic Feedback: Performer Bio-data as a Driver for Real-time Composition	generated by the performer. This paper describes a software system using bioinformatic data recorded from a performer in real-time as a probabilistic driver for the composition and subsequent real-time generation of traditionally notated musical scores. To facilitate the generation and presentation of musical scores to a performer, the system makes use of a custom LilyPond output parser, a set of Java classes running within Cycling ‘74’s MAX environment for data analysis and score generation, and an Atmel AT-Mega16 micro-processor capable of converting analog bioinformatic sensor data into Open Sound Control (OSC) messages. By varying the relationship between physiological reaction and resultant compositional output, different compositional forms can be created. When an inverse response mapping i s applied, where strong sensor readings generate weak or relatively simple compositional structures, a performer’s physiological state can be coerced into a less excited state. Similarly, a performer in a stable or less excited state will be presented with more active musical cells, aiming to excite the performer into a more active state. Conversely, when a direct mapping between physiological state and compositional form is applied, musical output mirrors physiological state, out-putting musical cells that reinforce the current state.
nime:nime2006_Kobayashi	paper_proceedings/nime2006.bib	GAINER: A Reconfigurable I/O Module and Software Libraries for Education	two PWM outputs). It is possible to solve this issue using proper external components (e.g. a multiplexor), but not so easy for a participant who does not have enough knowledge about electronics. • To handle small signals from sensors (e.g. accelerometer), the participants have to add an external ampliﬁer. It’s diﬃcult to design a proper ampliﬁer circuit for a participant who has no experience. • The price of the I/O board was reasonable as a commercial product, but it was a little bit expensive for students. Most of them became interested in the I/O board, but non purchased one. How to teach creating musical interface or installations to students who don’t have backgrounds in electronic engineering is a longtime issue. This paper describes how it is taught at IAMAS (an institute dedicated to media arts) with the use of the newly developed environment, ‘GAINER.’ The GAINER environment consists of a reconﬁgurable I/O module and software libraries for common programming environments.
nime:nime2006_Favilla	paper_proceedings/nime2006.bib	Children of Grainger: Leather Instruments for Free Music	Grainger’s Free Music remains a rich source of discovery for contemporary Australian musicians. Free Music represents a significant departure point for electronic musicians and instrument makers searching for new musical language, form and expression. This paper presents research undertaken by the Bent Leather Band exploring Grainger’s Free Music ideas within a 21st century music-making context embracing live improvisation, instrument and software design. Research outcomes presented in this paper includes a range of creative works; meta-serpent wind controllers, the 4th generation of the light-harp controller, new MAX-based software engines for signal processing, control-modes and strategies for the instruments and music including Bent Leather Band’s latest collection of works “Children of Grainger”. This paper discusses technical issues confronting the contemporary electronic instrument builder and presents Bent Leather Band’s aim to develop playable instruments. Grainger’s Free Music comprises writings, recordings and the actual machines he created. “Music beyond the traditional constraints of pitch and rhythm” [4], was developed through the construction of many bizarre instrumental experiments and prototypes including; 6th tone tuned pianos fitted with player systems, air-pump powered reed organs capable of fine controlled portamenti, and large machines; such as the kangaroo pouch; which allowed the pitch of up to four electronic valve oscillators to be played by score of cut cardboard and paper rolls. Grainger’s explains his Free Music as “music using gliding tones and irregular rhythms” throughout the 1951 recordings of his experiments and instruments. The 1938 manifesto [4] explains his desire to liberate or free sound from the constraints of conventional pitch and rhythm. 1. FREE MUSIC Since late 2003, Grainger’s Free Music has been revisited by a number of Australian composers and experimental musicians. In all cases the Grainger Museum audio collection ha
nime:nime2006_Ferguson	paper_proceedings/nime2006.bib	Learning Musical Instrument Skills Through Interactive Sonification	Interactive visualisation methods have been used to understand realtime acoustic analysis for the purpose of learning musical skills. However, interactive sonification has not often been considered, perhaps because it is assumed the musician cannot concentrate simultaneously on two sounds – their instrument’s sound, and the sonified information. However, whilst some finesse is required in designing sonification algorithms so that they interact with the musician’s sound in a controlled manner, there possibly are particular advantages to adopting the sonification approach. This research reports on a suite of interactive sonification algorithms for communicating real-time acoustic analysis results to singers and instrumentalists.
nime:nime2007_Collins	paper_proceedings/nime2007.bib	Matching Parts : Inner Voice Led Control for Symbolic and Audio Accompaniment	In sympathy with the oft-overlooked inner parts of music, this paper seeks the live control of outer parts by a matching process from the inner voices. This artistic conceit is instantiated in two prototypes; first, in a symbolic MIDI system where a MIDI pianist can control the playback of MIDI files truly from ’within’, and second, via live concatenative synthesis constrained to apply audio signal matches to an inner voice filter range, controlling the playback of all remaining spectral parts. These techniques are presented more generally within a context of ‘indirect’ feature matching via a proxy part linked to a database of playback material. Representational issues and future extensions are discussed.
nime:nime2008_Laurson	paper_proceedings/nime2008.bib	Towards Idiomatic and Flexible Score-based Gestural Control with a Scripting Language	2. SCORE-BASED SYNTHESIS CONTROL In this paper we present our recent enhancements in scorebased control schemes for model-based instruments. A novel scripting syntax is presented that adds auxiliary note information fragments to user specified positions in the score. These mini-textures can successfully mimic several well known playing techniques and gestures - such as ornaments, tremolos and arpeggios - that would otherwise be tedious or even impossible to notate precisely in a traditional way. In this article we will focus on several ‘real-life‘ examples from the existing repertoire from different periods and styles. These detailed examples explain how specific playing styles can be realized using our scripting language. Our score-base control scheme has several unique features. First, the input process is interactive. After listening to the result the user can modify the score and recalculate the score until satisfied with the outcome. The user can select and edit any range from the score, polish it and hear the refinements in real-time, without re-synthesizing the whole piece. The ability to work with only a small amount of musical material at a time has proven to be very useful. This is especially important when working with musical pieces of considerable length. Second, our system allows to use performance rules that generate timing information and dynamics automatically in a similar fashion than in [1]. The user can, however, also work by hand using the graphical front-end of the notation package. In this case special expression markings can be inserted directly in the score. We have found that this kind of mixed approach - using automated rules and hand-given timing information - is very practical and allows to define time modifications in a more flexible way than using automatic rules only. Third, the system supports both local and global time modifications. The importance of this kind of approach has also been discussed in [2]. Local modifications involve only one note or chord (such as an expression that changes the time interval between notes). A global modification, in turn, handles a group of notes or chords (a typical example of this is a tempo function).
nime:nime2008_Young	paper_proceedings/nime2008.bib	Classification of Common Violin Bowing Techniques Using Gesture Data from a Playable Measurement System	This paper presents the results of a recent study of common violin bowing techniques using a newly designed measurement system. This measurement system comprises force, inertial, and position sensors installed on a carbon fiber violin bow and electric violin, and enables recording of real player bowing gesture under normal playing conditions. Using this system, performances of six different common bowing techniques (accented détaché, détaché lancé, louré, martelé, staccato, and spiccato) by each of eight violinists were recorded. Using a subset of the gesture data collected, the task of classifying these data by bowing technique was undertaken. Toward this goal, singular value decompostion (SVD) was used to compute the principal components of the data set, and then a k-nearest-neighbor (k-NN) classifier was employed, using the principal components as inputs. The results of this analysis are presented below.
nime:nime2008_Lahdeoja	paper_proceedings/nime2008.bib	An Approach to Instrument Augmentation : the Electric Guitar	In this paper we describe an ongoing research on augmented instruments, based on the specific case study of the electric guitar. The key question of the relationship between gesture, instrument and sound is approached via an analysis of the electric guitar’s design, playing technique and interface characteristics. The study points out some inherent defaults in the guitar’s current forms of acoustic-electric hybridation, as well as new perspectives for a better integration of the relationship between instrumental gesture and signal processing. These considerations motivate an augmented guitar project at the CICM, in which a gestural approach to augmentation is developed, emphasising the role of the instrumentist’s repertoire of body movements as a source for new gesture-sound « contact points » in the guitar playing technique.
nime:nime2008_Zoran	paper_proceedings/nime2008.bib	Considering Virtual & Physical Aspects in Acoustic Guitar Design	This paper presents a new approach for designing acoustic guitars, making use of the virtual environment. The physical connection between users and their instruments is preserved, while offering innovative sound design. This paper will discuss two projects, reAcoustic eGuitar, the concept of a digitally fabricated instrument to design acoustic sounds, and A Physical Resonator For a Virtual Guitar, a vision in which the guitar can also preserve the unique tune of an instrument made from wood. 1.1. Acoustic, Electric and Virtual Guitar The design of a guitar is influenced by its cultural context. For thousands of years lutes and afterwards guitars evolved: starting with ancient instruments that were made out of natural chambers (turtle shells, gourds), through fine handmade wooden chambers [4] to electrically amplified guitars. Carfoot [7] presents and analyzes the huge changes in guitar in the 20th century; electric guitars, which use electricity in order to amplify instead of chambers, evolved at mid century and were a part of the musical revolution of Rock & Roll and its distortion sound.
nime:nime2008_Maniatakos	paper_proceedings/nime2008.bib	Towards an Affective Gesture Interface for Expressive Music Performance	and music synthesis parameters, we have built and evaluated a music performance system for the ‘Pogany’ interface. This paper discusses the use of ‘Pogany’, an affective anthropomorphic interface, for expressive music performance. For this purpose the interface is equipped with a module for gesture analysis: a) in a direct level, in order to conceptualize measures capable of driving continuous musical parameters, b) in an indirect level, in order to capture high-level information arising from ‘meaningful’ gestures. The real-time recognition module for hand gestures and postures is based on Hidden Markov Models (HMMs). After an overview of the interface, we analyze the techniques used for gesture recognition and the decisions taken for mapping gestures with sound synthesis parameters. For the evaluation of the system as an interface for musical expression we made an experiment with real subjects. The results of this experiment are presented and analyzed. 2.
nime:nime2008_Camurri	paper_proceedings/nime2008.bib	Mappe per Affetti Erranti : a Multimodal System for Social Active Listening and Expressive Performance	This paper presents our new system Mappe per Affetti Erranti (literally Maps for Wandering Affects), enabling a novel paradigm for social active experience and dynamic molding of expressive content of a music piece. Mappe per Affetti Erranti allows multiple users to interact with the music piece at several levels. On the one hand, multiple users can physically navigate a polyphonic music piece, actively exploring it; on the other hand they can intervene on the music performance modifying and molding its expressive content in real-time through fullbody movement and gesture. An implementation of Mappe per Affetti Erranti was presented in the framework of the science exhibition “Metamorfosi del Senso”, held at Casa Paganini, Genova, in October – November 2007. In that occasion Mappe per Affetti Erranti was also used for a contemporary dance performance. The research topics addressed in Mappe per Affetti Erranti are currently investigated in the new EU-ICT Project SAME (Sound and Music for Everyone, Everyday, Everywhere, Every Way, www.sameproject.eu). Active listening is also a major focus for the new EU-ICT Project SAME (Sound and Music for Everyone, Everyday, Everywhere, Every Way, www.sameproject.eu). SAME aims at: (i) defining and developing an innovative networked end-toend research platform for novel mobile music applications, allowing new forms of participative, experience-centric, context-aware, social, shared, active listening of music; (ii) investigating and implementing novel paradigms for natural, expressive/emotional multimodal interfaces, empowering the user to influence, interact, mould, and shape the music content, by intervening actively and physically into the experience; and (iii) developing new mobile context-aware music applications, starting from the active listening paradigm, which will bring back the social and interactive aspects of music to our information technology age.
nime:nime2008_Dubrau	paper_proceedings/nime2008.bib	P[a]ra[pra]xis : Poetry in Motion	P[a]ra[pra]xis is an open two-part software suite and Java library (JAR) that facilitates the realtime creation and simultaneous sonification of poetry/prose. It is particularly designed to implement word substitutions based on the psychoanalytical principles of free association and metonymic slippage. The first part, P[a]ra[pra]xis Collection Editor, allows a user to create and maintain a dictionary of words and their grammatical properties (i.e. verb, singular noun, pronoun etc.) and the corresponding properties of user-defined substitutions for those words. The second part, Realtime P[a]ra[pra]xis, executes these substitutions as the user/performer types, and broadcasts OSC messages containing the properties of the original and substituted words, along with discrete notifications of keyboard events. Magnusson [5] presents a useful discussion in which designing music software is framed as a semiotic act, “structur[ing] a system of signs into a coherent whole that incorporates some compositional ideology (or an effort to exclude it)”. He draws a distinction between traditional HCI design (representational and task-based, often imitating real-world tasks in order to prepare and organise information) and the type of design that uses the computer for artistic creation. The distinction between the two, however, is problematic. Magnusson argues that whilst a user engaged in creative practice “deploy[s] software to achieve some end goals...this very software is also a system of representational meanings, thus influencing and coercing the artist into certain work patterns.” This is as true for the most permissive musical software as it is for the most restrictive, seen in the user modifications (such as GUI extensions and sliders) created even for such flexible programs as pd. A case study (based on a live networked performance) is presented which highlights one particular usage of this program in the form of an Instant Messenger (IM) style chat with interpolated ‘Freudian slips’ to create a dialogue which changes between the point of transmission and the point of reception, and spontaneously generates music reflecting physical and emotional changes in the dialogue.
nime:nime2008_Bouillot	paper_proceedings/nime2008.bib	A Mobile Wireless Augmented Guitar	accompaniment and self-duo. The former is typical of Indian classical music instruments, which may provide harmonic resonance from a basic note or the more interesting gesture-based Satara double flute from Rajastan, in which the absence of holes in the second flute result in a steady drone. Self-duo can be seen in the playing technique developed by jazz musician Roland Kirk, in which a single musician plays two (or more) reeds at once. However, simultaneous management of multiple instruments seriously reduces the range of gestures available on each one. Playing techniques require considerable practice, for example, to regulate circular breathing or coordinate new hand and body positions. Our particular implementation is based on a small formfactor computer that runs a fixed-point version of Pure Data [4]. Leveraging the Bluetooth communication capability of the Gumstix, we can read accelerometer values, position information (of IR sources), and button presses of a Nintendo Wii controller affixed to the guitar headstock. Interaction is based on traditional playing technique, augmented by a set of simple gestures for invoking added functionality, such as sample recording and looped playback. These features can be used to simulate simultaneous performance with multiple instruments, as described above. Gesture data and the resulting audio must be communicated with sufficiently low delay to allow the performer to understand the relationship between the gesture and corresponding sound. We thus developed an dynamically reconfigurable low latency streaming engine used in this implementation. The remainder of this paper is organized as follows. Section 2 describes hardware and software components of our platform, keeping latency issues in mind. Section 3 presents our mobile augmented guitar and its main feature: the gesture-based phase vocoder control using real-time sampling. Mapping is also described and discussed. Before concluding, various applications enabled by our platform are explored. We present the design of a mobile augmented guitar based on traditional playing, combined with gesture-based continuous control of audio processing. Remote sound processing is enabled through our dynamically reconfigurable low-latency, high-fidelity audio streaming protocol, running on a mobile wearable platform. Initial results demonstrate the ability to stream the audio and sensor data over IEEE 802.11 to a server, which then processes this data and outputs the resulting sound, all within a sufficiently low delay as required for mobile multimodal performance.
nime:nime2008_Bencina	paper_proceedings/nime2008.bib	Gesture=Sound Experiments : Process and Mappings	This paper reports on outcomes of a residency undertaken at STEIM, Amsterdam, in July 2007. Our goal was to explore methods for working with sound and whole body gesture, with an open experimental approach. In many ways this work can be characterised as prototype development. The sensor technology employed was three-axis accelerometers in consumer gamecontrollers. Outcomes were intentionally restrained to strippedback experimental results. This paper discusses the processes and strategies for developing the experiments, as well as providing background and rationale for our approach. We describe “vocal prototyping” – a technique for developing new gesture-sound mappings, the mapping techniques applied, and briefly describe a selection of our experimental results. From the outset our intention was to research and experiment with new techniques and to document our experiments, rather than produce a completed performance work. This was motivated by a number of factors including our need to develop experience with new approaches and technologies; the desire to not be constrained by the requirements of structuring a coherent performance; and the goal to create circumstances where working in new ways was natural, rather than giving in to the tendency to fall back on tried and trusted solutions and techniques. 2. BACKGROUND & RELATED WORK The authors have been variously engaged in the creation of performances incorporating gestural sound control for some time. Of most relevance here are Bencina's work with Simulus incorporating the P5 Virtual Reality Glove [14]; Wilde's performance interfaces such as Face Clamps [20] and hipDisk [21]; and Langley's ID-i/o [8] and work with HyperSense Complex [12]. Our combined processes include consideration of the musical, physical and technical perspectives, as reflected in the discussion of related work that follows.
nime:nime2008_Ciglar	paper_proceedings/nime2008.bib	"3rd. Pole" -- A Composition Performed via Gestural Cues	rd “3 . Pole” is a musical composition that is performed by a dancer, on a specially designed interface (instrument), based on motion tracking technology. This paper introduces the technical and artistic ideas behind the composition and outlines some of the main conceptual tendencies of my earlier work [8]. Several independent components like choreography, instrument design, sound design, formal concepts, etc. were in parallel development throughout the last three years, and came together in this piece. Some of those were already realized in individual projects and are joined now under a new concept of interdependence. A major component of this project however was the implementation of a real-time gesture follower / gesture recognition algorithm applied to full-body motion data. This should be considered as an autonomous module, not allied to this particular project exclusively. Therefore it can be treated and developed independently – as a multi-purpose data mapping strategy – for it has the potential to find further use in any kind of interactive (dance, music, theatre, etc.) performance scenario. Fig.1: markers attached to the dancer’s limbs
nime:nime2008_Coghlan	paper_proceedings/nime2008.bib	Sensory Chairs : A System for Biosignal Research and Performance	Music and sound have the power to provoke strong emotional and physical responses within us. Although concepts such as emotion can be hard to quantify in a scientific manner there has been significant research into how the brain and body respond to music. However much of this research has been carried out in clinical, laboratory type conditions with intrusive or cumbersome monitoring devices. One of the challenges involved in creating objects such as these, is to make them behave appropriately when used in a variety of situations. One approach to creating such context aware objects is to give them the ability to sense the user’s emotions or feelings. Emotions are a key part of what it means to be human and frequently influence our decisions and actions over our capabilities for intellect and reason [1]. They are also one of the most difficult area s of our psycho-physiology to understand, especially when trying to program an 'unfeeling' machine to recognise them. Technological augmentation of low-tech objects can increase their functionality, but may n ecessitate a form of context awareness from those objects. Biosigna l monitoring allows these enhanced artefacts to gauge physical responses and from these extrapolate our emotions. In this paper a system is outlined, in which a number of chairs in a concert hall environment were embedded with biosignal sensors allowing monitoring of audience reaction to a performance, or control of electronic equipment to create a biosignal-driven performance. This paper presents an overview of the 'Sensory Chairs' project in which four aud ience chairs used in the Sonic Lab performance hall at the Sonic Art Research Centre, Queens University, Belfast, were augmented with a variety of sensors to provide information about t heir occupants. The chairs require no user interaction beyond their normal function, yet provide physical and biometric data, over a network, to a computer for visualisation, da ta recording and control of external devices. Basic emoti onal state inference from the sensor data was also built into the chair software. The chairs were used as an indicator of a udience attentiveness or enjoyment and incorporated into a performance. This type of affective computing represents an exciting area of growth for interactive technology and potential applications for ‘affect aware’ devices are proposed.
nime:nime2008_Valle_b	paper_proceedings/nime2008.bib	Integrated Algorithmic Composition Fluid systems for including notation in music composition cycle	FFT This paper describes a new algorithmic approach to instrumental musical composition that will allow composers to explore in a flexible way algorithmic solutions for diﬀerent compositional tasks. Even though the use of computational tools is a well established practice in contemporary instrumental composition, the notation of such compositions is still substantially a labour intensive process for the composer. Integrated Algorithmic Composition (IAC) uses a fluid system architecture where algorithmic generation of notation is an integral part of the composition process. Audio In GUI Input
nime:nime2008_Henriques	paper_proceedings/nime2008.bib	META-EVI Innovative Performance Paths with a Wind Controller	2. THE META-EVI The META-EVI is a novel interface created from an extensive augmentation of the Steiner MIDI EVI, a brass style ‘electric valve instrument’ (EVI), which was expanded with 11 analog sensors and 10 digital switches. The main goal of this project consists in achieving a performance tool that exhibits truly innovative levels of musical expression much beyond what is possible with the original instrument. By allowing the control of a great variety of musical parameters, the META-EVI is able to push the level of musicianship associated with the player of a monophonic wind instrument, to a new plateau of musical complexity. The META-EVI keeps all of the original MIDI EVI’s sensors, such as the breath pressure sensor and the bite sensor found on its mouthpiece, the touch/capacitance sensors for the fingering/key system and also capacitance sensors that generate pitch bend, glissando and vibrato. The META-EVI modification adds 11 analog sensors and 10 digital switches. These are as follows: • • • • • • •
nime:nime2008_Price	paper_proceedings/nime2008.bib	Database and Mapping Design for Audiovisual Prepared Radio Set Installation	This paper describes both the design strategies behind a database of radio gathered percussive sounds, and also the interaction scheme used to embed this database in an audio-visual installation. In particular we describe the implementation of a complex mapping system that uses a model of heat energy and ‘one to many’ mappings to encourage a holistic cognitive mode in the user.
nime:nime2008_Robertson	paper_proceedings/nime2008.bib	A Turing Test for B-Keeper : Evaluating an Interactive	Off-line beat trackers are often compared to human tappers who provide a ground truth against which they can be judged. In order to evaluate a real-time beat tracker, we have taken the paradigm of the ‘Turing Test’ in which an interrogator is asked to distinguish between human and machine. A drummer plays in succession with an interactive accompaniment that has one of three possible tempocontrollers (the beat tracker, a human tapper and a steadytempo metronome). The test is double-blind since the researchers do not know which controller is currently functioning. All participants are asked to rate the accompaniment and to judge which controller they believe was responsible. This method for evaluation enables the controllers to be contrasted in a more quantifiable way than the subjective testimony we have used in the past to evaluate the system. The results of the experiment suggest that the beat tracker and a human tapper are both distinguishable from a steadytempo accompaniment and they are preferable according to the ratings given by the participants. Also, the beat tracker and a human tapper are not sufficiently distinguishable by any of the participants in the experiment, which suggests that the system is comparable in performance to a human tapper.
nime:nime2008_Kamiyama	paper_proceedings/nime2008.bib	Oto-Shigure : An Umbrella-Shaped Sound Generator for Musical Expression	developed a totally new sound generating interface for musical expression. Following are the advantage and disadvantage of the two sound generating devices which have been mainly used. (1)The speakers have an advantage of generating sound loudly and widely, therefore many people can enjoy it simultaneously. But then, itis difficult to carry them around and also unsuitable to use them with a few people in public space. (2)The headphones have an advantage of enabling to utilize it in any space. However, they can be used by only one person. From these, we developed Oto-Shigure which has resolved the problems above.  Oto-Shigure realized portable and wireless interfaceand made it possible for the user to generate sounds anywhere. Additionally, it can be used by not only one person but also with a few people. The maximumvolume can be obtained right under the umbrellaand people in the distance can not hear the sound, so the user can also use it in publicareas. When the Oto-Shigure is generally used, it has a non-localized soundcharacteristic. But if connected to the PC and specially processed with the software, it provides sounds from the optional pointon the umbrella. The point is fixed by controlling the software running on iPod touch. In this paper we introduce Oto-Shigure, an umbrella-shaped sound generator for musical expression.  Attention of the music computing community hasn't been focusing on sound output but sound input.However, we argue that in order to make highly expressive sounds, it is significant to increase methods for sound output.  Therefore, we developed the new sound-generating device for variety of musical expressions. Oto-Shigure provides two experiences for the user; feel the sounds as if you are bathing in the rain, and easily arrange the rotation of sounds above the umbrella by controlling the sound localization. This is a device not just for musicians but also non-musicians.
nime:nime2008_Modler	paper_proceedings/nime2008.bib	Video Based Recognition of Hand Gestures by Neural Networks for the Control of Sound and Music	In recent years video based analysis of human motion gained increased interest, which for a large part is due to the ongoing rapid developments of computer and camera hardware, such as increased CPU power, fast and modular interfaces and high quality image digitisation. A similar important role plays the development of powerful approaches for the analysis of visual data from video sources. In computer music this development is reflected by a row of applications approaching the analysis of video and image data for gestural control of music and sound such as Eyesweb, Jitter, CV ([1,[2], [3]). Recognition and interpretation of hand movements is of great interest both in the areas of music and software engineering ([4], [5], [6]). In this demo an approach is presented for the control of music and sound parameters through hand gestures, which are recognised by an artificial neural network (ANN). The recognition network was trained with appearancebased features extracted from image sequences of a video camera. For this, the motion of a gesture is grouped in at least two main states performed in a repetitive way. The whole gesture may then be seen as a progression through a cyclic state model with the aim to view the gesture not as an isolated event but in the gesture context and related motions. 2. VARIATION OF GESTURE INSTANCES Each gesture was recorded at 3 lower positions and 2 upper positions of the gestural space of the hand and arm to obtain data reflecting the variance of the hand articulation at differing locations. All 5 recording instances were aimed to be in a plane parallel to the front of the camera. Blended hand positions for the static states of four cyclic gesture types are shown in Figure 1 to Figure 4. 1. A SET OF CYCLIC HANDGESTURES Previous experiments showed that hand gestures may be combined as cyclic gestures such as waving the hand or pointing to the left and to the right with the index finger [7]. Gesture Description Index up/down Index fi
nime:nime2008_Macrae	paper_proceedings/nime2008.bib	From Toy to Tutor : Note-Scroller is a Game to Teach Music	The computer games industry has recently been producing titles in a new genre called ‘music’ that toys with engaging the user in musical expression. The technology used in these games has allowed for novel interfaces for representing musical instructions which has yet to be tried within musical practice and tuition. The games themselves have greatly simplified the instruments and the music created to the point where the skills learnt are not transferrable to the actual instruments that they seek to recreate. The aim of this work is to explore the potential to move from this category of entertainment systems based on musical expression towards tutoring applications that support learning musical instruments in an entertaining and rewarding experience. Note-Scroller (Figure 1) is an interface that has been designed to bridge this gap and act as a case study for evaluating the potential of such a movement. It is hoped that Note-Scroller will be fun and intuitive to use, teaching users how to play music on a piano-style keyboard. Figure 1: A front and back view of the projected display 2) for example, is the first video game franchise to generate more than $1bn in revenue and the title Dance Dance Revolution (with a similar instructive interface) alone sold more than 7.5 million units. Recreating the elements that make these games successful in educational platforms would be the next logical step. The motivations for incorporating this set of features into one package are varied but ultimately stem from the hope of making music more accessible to a wider audience:
nime:nime2011_Hahnel	paper_proceedings/nime2011.bib	Studying Interdependencies in Music Performance : An Interactive Tool	Musicians tend to model different performance parameters intuitively and listeners seem to perceive them, to a certain degree, unconsciously. This is a problem for the development of synthetic performance models, for they are built upon detailed assumptions of several parameters like timing, loudness, and duration—and of interdependencies as well. This paper describes an interactive performance synthesis tool, which allows to analyse listener’s preferences of multiple performance features. Using the tool in a study of eighth notes inégalité, a relationship between timing and loudness was found. Application Performance Engine Feature Models Feature Models Feature FeatureModels Models
nime:nime2011_Bokesoy	paper_proceedings/nime2011.bib	1city1001vibrations : Development of a Interactive Sound Installation with Robotic Instrument Performance	1.1 Listening to the “Bosphorus” sounds “1city1001vibrations” is a sound installation project of Sinan Bökesoy. It does continuous analysis of live sounds with the microphones installed on top of significant places at Bosphorus - Istanbul. The transmitted sounds are accompanied by an algorithmic composition derived from this content analysis for controlling two Kuka industrial robot arms performing the percussions installed around them while creating a metaphor through an intelligent composition/performance system. This paper aims to focus on the programming strategies taken for developing a musical instrument out of an industrial robot. The microphones, as the ‘ears’ of the robots do transmit the signals as internet audio stream via an AudioIP unit. This audio-stream is being interpreted by an analysis application (Figure 2) with the computer at the installation venue. Figure 2. Transmitting the Bosporus sounds to the analysis application and tracking of the sound sources on Max/MSP Figure 1. The installation venue in Istanbul, July2010 The analysis software is a Max/MSP[2] application and based on the interpretation of the spectral analysis of the audio stream with the help of the powerful Zsa.Descriptors [5]. The feature extraction process from the spectral data aims to recognize 5 specific sound sources found on everyday routine of the Bosphorus. The analysis software is reporting the onset times of the sound events we are interested in. Each tracking of the relevant sound source is used to create a percussion score according to the rules defined for the translation of Bosphorus sonic space to percussion gestures.
nime:nime2011_Pigott	paper_proceedings/nime2011.bib	Vibration , Volts and Sonic Art: A Practice and Theory of Electromechanical Sound	This paper provides a context for this approach to creative sound practice offering possible ways to navigate the aesthetic and technical concerns of working in this way. A brief survey of works, techniques and technologies that can be said to exist in this arena is provided along with a case study of my recent piece Infinite Spring which makes extensive use of both prepared speakers and motors to create an electromechanical sonic environment (see figs 1- 4). This paper explores the creative appropriation of loudspeakers and other electromechanical devices in sonic arts practice. It is proposed that this is an identifiable area of sonic art worthy of its own historical and theoretical account. A case study of an original work by the author titled Infinite Spring is presented within a context of works by other practitioners from the 1960’s to present day. The notion of the ‘prepared speaker’ is explored alongside theories of media archeology, cracked media and acoustic ecology. 2. CONTEXT 2.1 Brief Survey of Works
nime:nime2011_Schroeder	paper_proceedings/nime2011.bib	A Physically Based Sound Space for Procedural Agents	Physically based sound models have a “natural” setting in dimensional space: a physical model has a shape and an extent and can be given a position relative to other models. In our experimental system, we place procedurally animated agents in a world of spatially situated physical models. The agents move in the same space as the models and can interact with them, playing the models and changing their configuration. The result is an ever-varying audiovisual landscape. This can be seen as purely generative—as a method for creating algorithmic music—or as a way to create instruments that change autonomously as a human plays them. A third perspective is in between these two: agents and humans can cooperate or compete to produce a gamelike or interactive experience.
nime:nime2011_dAlessandro	paper_proceedings/nime2011.bib	ROOM #81---Agent-Based Instrument for Experiencing Architectural and Vocal Cues	ROOM#81 is a digital art installation which explores how visitors can interact with architectural and vocal cues to intimately collaborate. The main space is split into two distinct areas separated by a soft wall, i.e. a large piece of fabric tensed vertically. Movement within these spaces and interaction with the soft wall is captured by various kinds of sensors. People’s activity is constantly used by an agent in order to predict their actions. Machine learning is then achieved by such agent to incrementally modify the nature of light in the room and some laryngeal aspects of synthesized vocal spasms. The combination of people closely collaborating together, light changes and vocal responses creates an intimate experience of touch, space and sound.
nime:nime2011_Carlson	paper_proceedings/nime2011.bib	The Sound Flinger : A Haptic Spatializer	The Sound Flinger is an interactive sound spatialization instrument that allows users to touch and move sound. Users record audio loops from an mp3 player or other external source. By manipulating four motorized faders, users can control the locations of two virtual “sound objects” around a circle corresponding to the perimeter of a quadraphonic sound field. Physical models that simulate a spring-like interaction between each fader and the virtual sound objects generate haptic and aural feedback, allowing users to literally touch, wiggle, and fling sound around the room.
nime:nime2011_Popp	paper_proceedings/nime2011.bib	Intuitive Real-Time Control of Spectral Model Synthesis	Recently, machine learning and statistical analysis techniques have been applied to mapping inputs to synthesizer controls [2]. We apply these ideas to SMS and propose a new model to map input gestures to SMS control. We tailor each mapping in a user-directed way by having the user listen as a spectral model is resynthesized and pantomime, in real-time, the gestures that “should” correspond to the sound. Essentially, the user imagines that she is directly controlling the sound with a Wacom Tablet [12]. The system captures these pantomimed input gestures for use as a training set to determine a mapping between the tablet and SMS parameters via machine learning techniques. The first learning step analyzes the captured input gestures with principal component analysis (PCA) to create a lower dimensional “gesture” space. Linear regression then maps between the (principal components of the) gestures and higher level spectral model frame features, while knearest neighbors maps between the gestures and normalized spectral model frames. After the system learns a complete mapping it can synthesize new sounds in response to real-time Wacom gestures. Since the mapping originated from the user’s pantomimes to the original spectral model, the control is intuitive. Repeating the example gestures results in approximating the original SMS frames, while deviating from the original pantomimes results in new spectral model frames that did not exist in the original spectral model but make intuitive perceptual sense to the user. Several methods exist for manipulating spectral models either by applying transformations via higher level features or by providing in-depth offline editing capabilities. In contrast, our system aims for direct, full, intuitive, real-time control without exposing any spectral model features to the user. The system extends upon previous machine learning work in gesture-synthesis mapping by applying it to spectral models; these are a unique and interesting use case in that they are capable of reproducing real world recordings, due to their relatively high data rate and complex, intertwined and synergetic structure. To achieve a direct and intuitive control of a spectral model, a method to extract an individualized mapping between Wacom Pen parameters and Spectral Model Synthesis frames is described and implemented as a standalone application. The method works by capturing tablet parameters as the user pantomimes to synthesized spectral model. A transformation from Wacom Pen parameters to gestures is obtained by extracting features from the pen and then transforming those features using Principal Component Analysis. Then a linear model maps between gestures and higher level features of the spectral model frames while a k-nearest neighbor algorithm maps between gestures and normalized spectral model frames.
nime:nime2011_Luhtala	paper_proceedings/nime2011.bib	Designing a Music Performance Space for Persons with Intellectual Learning Disabilities	This paper outlines the design and development process of the ‘DIYSE Music Creation Tool’ concept, by presenting key questions, the used methodology, the music instrument prototype development process and user research activities. The aim of this research is to study how music therapists (or instructors) can utilize novel technologies and study new performing opportunities in the music therapy context, with people who have intellectual learning disabilities. The research applies an action research approach to develop new music technologies by co-designing with the music therapists, in order to develop in situ and improve the adoption of novel technologies. The proof-of-concept software utilizes Guitar Hero guitar controllers, and the software allows the music therapist to personalize interaction mappings between the physical and digital instrument components. By means of the guitars, the users are able to participate in various musical activities; they are able to play prepared musical compositions without extensive training, play together and perform for others. User research studies included the evaluation of the tool and research for performance opportunities. 2. INTERACTION DESIGN FOR A MUSIC CONTEXT In the field of interaction design research, there is a demand for new design tools that enable creativity by means of explorative interaction, as opposed to limited executive and mission-based interaction (e.g. [3], [5] & [6]). Petersen et al. have proposed that the aesthetical interaction perspective offers an alternative to traditional interaction ideals [6]. In aesthetic interaction, the user is seen as an improvisator and the interaction between the human and the technology is a situation of play. According to Petersen, aesthetic interaction is found in the concept of intrigue that is connected to experience, surprise and serendipity in the use of interactive systems (ibid p. 274). In the light of Petersen’s theory, equal attention should be paid to the players’ cognitive skills, emotional values and bodily capabilities in the design of creativity-supporting music tools. A music-playing learning situation should enable the player to imagine, create, play, share and reflect on musical actions [7]. The playing situation involves an interaction feedback loop between the participants, their instruments and produced sounds. In an ideal state, a playing situation should encourage players to improvise and express themselves through playing and experiencing immersion.
nime:nime2011_Gallin	paper_proceedings/nime2011.bib	Eobody3: a Ready-to-use Pre-mapped & Multi-protocol Sensor Interface	2. DESIGNING A MULTI-PURPOSE PRE-MAPPED INTERFACE 2.1 Eobody philosophy Away from the DIY world of Arduino programmers, Eowave has been developing Eobody interfaces, a range of ready-to-use sensor interfaces designed for metainstruments, music control, and interactive installations… With Eobody3, we wanted to create this missing link between the analogue and digital worlds, make it possible to control analogue devices with a digital device and vice versa: for example, to control a modular synthesizer with an IPad with no computer and vice versa. With its compatibility with USB, MIDI, OSC, CV and DMX protocols, Eobody3 is a two-way bridge between the analogue and digital worlds… This paper describes the challenge of designing a ready-touse, pre-mapped, multi-protocol interface for all types of applications. Since the creation of the first Eobody interface in 2002[1], Eowave has followed the same idea of making sensor control accessible for all. This means that anyone, with or without technical skills, would be able to use Eobody sensor systems. With the growing number of sensor controlled installations, performances, we’ve seen a lot of interest for these ready-to-use systems that enable artists to realize interactive creations without the assistance (and costs) of an engineer, or learning to program a microcontroller themselves. On the other hand, engineers found that using these systems saved a significant amount of time, as they just had to set their own parameters to fit their needs. This specific ‘plug & play for all” approach has a particular impact on the design process of our interface: 1) the technical side must be transparent to the user; 2) the design is focused on the way the interface will be used; 3) the accessible parameters are only “visible” setting parameters; 4) it imposes a wide compatibility with existing OS, softwares, MIDI devices and other hardware interfaces; 5) it requires different level of use: ready-to-use; internal parameter access via the editor; and Max programming; 6) it requires compatibility with other communication protocols.
nime:nime2011_Franinovic	paper_proceedings/nime2011.bib	The Flo)(ps : Negotiating Between Habitual and Explorative Gestures	the sensation of freeing music from the object [?]. Using the bottle as a sound container, the user expression is limited to acting with its cork as an on-off switch. A more explorative sonic interaction with an everyday object can be found in the Audio Shaker project where sounds can be mixed by interacting with an ordinary looking cocktail shaker [?]. Users can speak into the object to record sounds, close and shake it to re-mix them and then literally, pour out the sound mix. The potential of the object and its affordances challenge the user’s preconceptions about the purpose of the cocktail shaker through an unusual sonic feedback. While the continuity of Audio Shaker’s feedback allows for a more explorative interaction then the discrete responses of the musicBottles, both interfaces engage habitual actions such as opening the bottle or pouring the sound. But how can an everyday sounding object guide the user toward the space of unusual and explorative gestures? The perceived affordances of an everyday object guide its user toward habitual movements and experiences. Physical actions that are not immediately associated with established body techniques often remain neglected. Can sound activate those potentials for action that remain latent in the physicality of an object? How can the exploration of underused and unusual bodily movements be fostered? This paper presents the Flo)(ps project, a series of interactive sounding glasses, which aim to foster social interaction by means of habitual and explorative sonic gestures within everyday contexts. We discuss the design process and the qualitative evaluation of collaborative and individual user experience. The results show that social interaction and personal use require different ways of transitioning from habitual to explorative gestures, and point toward possible solutions to be further explored.
nime:nime2011_Nishino	paper_proceedings/nime2011.bib	Cognitive Issues in Computer Music Programming	previous research in the psychology of programming, the problems in computer music programming can be clarified so that the future research can be more beneficial to improve the designs of programming languages and environments for better usability in computer music programming activity. Programming Languages are the oldest ‘new interface for music expression’ in computer music history. Both composers and researchers in computer music still have considerable interests in computer music programming environments. However, while many researchers focus on such issues as efficiency, new paradigm, or new features in computer music programming, cognitive aspects of computer music programming has been rarely discussed. Such ‘cognitive issues’ are of importance when design or usability in computer music programming must be considered. By contextualizing computer music programming in the psychology of programming, it is made possible to borrow the technical terms and theoretical framework from the previous research in the field, which would be helpful to clarify the problems related to cognitive ergonomics and also beneficial to design a new programming environment with better usability in computer music. 2. RELATED WORK In this section, we briefly describe the previous research in the psychology of programming so to contextualize computer music programming by the related work in the later section. 2.1 What is a Computer Program? 2.1.1 The surface structure and the deep structure From a psychological point of view, the surface structure and the deep structure of a computer program must be distinguished. While the surface structure is about textual structure or how surface units are arranged in a program, the deep structure is based on the relations and the abstraction in a program, such as control flow, data flow and hierarchical organization of goal and sub-goals. A computer program is multi-dimensional in that it contains different types of deep structures.
nime:nime2011_Beyer	paper_proceedings/nime2011.bib	Music Interfaces for Novice Users : Composing Music on a Public Display with Hand Gestures	In this paper we report on a public display where the audience is able to interact not only with visuals, but also with music. The interaction with music in a public setting involves some challenges, such as that passers-by as ‘novice users’ engage only momentarily with public displays and often don’t have any musical knowledge. We present a system that allows users to create harmonic melodies without being in need of a previous training period. Our software solution enables users to control melodies by the interaction, utilizing a novel technique of algorithmic composition based on soft constraints. The proposed algorithm does not generate music randomly, but makes sure that the interactive music is perceived as harmonic at any time. Since a certain amount of control over the music is assigned to the user and to ensure the music can be controlled in an intuitive way, the algorithm further includes preferences derived from user interaction that can be competing with generating a harmonic melody. To test our concept of controlling music, we developed a prototype of a large public display and conducted a user study, exploring how people would control melodies on such a display with hand gestures. Figure 1. Interactive music making with Guitar Hero and the iPhone
nime:nime2011_Wang_b	paper_proceedings/nime2011.bib	SQUEEZY : Extending a Multi-touch Screen with Force Sensing Objects for Controlling Articulatory Synthesis	2. RELATED WORK This paper describes Squeezy: a low-cost, tangible input device that adds multi-dimensional input to capacitive multi-touch tablet devices. Force input is implemented through force sensing resistors mounted on a rubber ball, which also provides passive haptic feedback. A microcontroller samples and transmits the measured pressure information. Conductive fabric attached to the finger contact area translates the touch to the bottom of the ball which allows the touchscreen to detect the position and orientation. The addition of a tangible, pressuresensitive input to a portable multimedia device opens up new possibilities for expressive musical interfaces and Squeezy is used as a controller for real-time gesture controlled voice synthesis research. The AudioPad [8] is a table-top tangible interface that consists of physical knobs that are tracked using RF resonance. The position and orientation of multiple pucks are tracked and used to control audio synthesis. Another similar interface is the reacTable [4], where physical pucks are tracked visually using cameras. In comparison, Squeezy achieves the tracking using the built-in feature of the touch screen which results in a more portable package. PreSense [11] combines a capacitive sensor with a resistive sensor and can detect the location and force of a single finger press. A piezo-actuator provides tactile feedback. By using a touchscreen, Squeezy can detect the orientation in addition to position of more than one object. The SqueezeOrb [9] is a wired force controller built into a hand exerciser. Although it only measures a single force input, the device is complemented with a 6 DOF optical motion tracker.
